Ticket Created Date , Ticket Function  ,Ticket Service,SubCategory, Subject ,Solution Time ,,
01-07-2023 12:39,SDO-APAC,Incident,Transport Failure,NEON-dX@H3I (Incident):marathon app '/neon/apps/platform/transport' failed,03:14:45, ,
01-07-2023 14:05,SDO-APAC,Incident,Transport Failure,NEON-dX@H3I (Incident): marathon app '/neon/apps/platform/transport-3' failed,01:49:10, ,
01-07-2023 16:10,SDO-APAC,Incident,IM Request,Neon DX H3I:IM Rule not showing on MSISDN 628990047333,02:56:49, ,
01-07-2023 16:28,SDO-APAC,Incident,Disk Space Issue,NEON-dX@H3I (Incident):Disk Space Exceed Alert | usr/local,02:39:34, ,
02-07-2023 17:38,SDO-APAC,Incident,RTE Files Pending,NEON-dX@H3I(Incident):High RTE Queue count,26:04:28, ,
02-07-2023 18:26,Service Desk,Incident,Transport Failure,NEON-dX@H3I(Incident):High RTE Queue count,00:01:57, ,
03-07-2023 13:17,TAC-Systems,Request,Configuration,NEON-dX@H3I-production:pre-requisite for 6.9-SP1 version upgrade,32:43:36, ,
03-07-2023 15:06,SDO-APAC,Incident,Transport Failure,NEON-dX@H3I (Incident):marathon app '/neon/apps/platform/transport' failed on node7,04:35:26, ,
03-07-2023 15:16,SDO-APAC,Incident,Transport Failure,NEON-dX@H3I (Incident):marathon app '/neon/apps/platform/transport-2' failed,20:37:32, ,
03-07-2023 18:24,SDO-APAC,Incident,API Failed,NEON-dX@H3I (Incident): Multiple components Failed,17:32:18, ,
04-07-2023 18:26,SDO-APAC,Request,List Upload,Neon DX H3I:Kindly ADD base in mentioned below LIST� name in Neon Dx,22:03:25, ,
04-07-2023 18:38,SDO-APAC,Request,List Upload,Neon DX H3I:Kindly ADD base in mentioned below LIST� name in Neon Dx,21:52:23, ,
05-07-2023 03:10,SDO-APAC,Incident,Disk Space Issue,NEON-dX@H3I (Incident): Disk Space Exceed Alert | /ftp-archive,13:59:38, ,
05-07-2023 15:56,SDO-APAC,Request,Platform Monitoring,NEON-DX:H3I-Testbed:Install pandas and NumPy,189:25:25, ,
06-07-2023 12:28,SDO-APAC,Incident,Transport Failure,NEON-dX@H3I (Incident): marathon app '/neon/apps/platform/transport' failed,29:37:34, ,
06-07-2023 16:21,TAC-Systems,Request,Configuration,NEON-dX@H3I:Testbed,Jul, , 
06-07-2023 16:23,TAC-Systems,Request,Configuration,NEON-dX@H3I:Testbed:change related to python3 on extn_h3i_cg_conversion,18:52:31, ,
06-07-2023 16:25,TAC-Systems,Request,Configuration,NEON-dX@H3I:Testbed,Jul, , 
06-07-2023 17:52,SDO-APAC,Incident,Dead Region Server Issues,NEON-dX@H3I(Incident): HBase Health Check Failure,24:14:15, ,
07-07-2023 11:22,TAC-Systems,Request,Planned Activities - External,NEON-DX@H3I-Production- 6.9 SP1 Pre-upgrade,03:43:36, ,
07-07-2023 15:04,SDO-APAC,Request,Data Extract,NEON-dX@H3I || Persona Model Execution ||JULY'2023,72:31:29, ,
07-07-2023 15:07,SDO-APAC,Request,UI Related Others,Neon-DX-Hutchison 3 IDN issue in IWB tab not able to run any query since mrng,72:31:33, ,
09-07-2023 01:15,SDO-APAC,Incident,OU Failure,NEON-dX@H3I (Incident): marathon app '/neon/apps/dk/ostrich-uploader' failed,38:21:10, ,
09-07-2023 07:28,SDO-APAC,Incident,Disk Space Issue,NEON-dX@H3I (Incident):Disk Space Exceed Alert /usr/local,32:08:57, ,
10-07-2023 10:47,SDO-APAC,Request,List Upload,Neon DX H3I:LIST Reset and than upload request,04:23:06, ,
10-07-2023 11:05,SDO-APAC,Request,List Upload,Neon DX H3I:[Update External base] Inactive 1 - 6,05:23:10, ,
10-07-2023 15:11,SDO-APAC,Request,List Upload,Neon DX H3I: Customer lists reset request,00:22:13, ,
10-07-2023 22:41,TAC-Systems,Request,Planned Activities - External,NEON-DX@H3I-Production-Version upgrade to 6.9 SP1,08:45:20, ,
11-07-2023 10:21,SDO-APAC,Incident,Fulfillment Related Others,Neon DX H3I: 17 Seeding broadcast not having any success and failure counts,04:59:08, ,
11-07-2023 10:43,Product-Support,Request,Node Addition,NEON-DX:H3I: RCA | 6.9 SP1 version upgrade,23:41:05, ,
11-07-2023 22:54,SDO-APAC,Incident,Disk Space Issue,NEON-dX@H3I(Incident):Disk Space Exceed Alert on jarvis,21:54:28, ,
12-07-2023 01:12,SDO-APAC,Incident,Health Check,NEON-dX@H3I(Incident):Hadoop health check failure,19:35:51, ,
12-07-2023 02:17,SDO-APAC,Incident,Configuration,NEON-dX@H3I(Incident):MR Job Failure,18:30:48, ,
12-07-2023 09:05,Product-Support,Incident,Disk Space Issue,NEON-DX:H3I:Disk space issue| / reached 94%,05:00:51, ,
12-07-2023 12:20,SDO-APAC,Incident,CB Failure,NEON-dX@H3I (Incident):marathon app '/neon/apps/platform/conveyor-belt' failed,147:15:17, ,
12-07-2023 12:36,SDO-APAC,Request,Fulfillment Related Others,Neon DX H3I:FF Seeding low,10:43:35, ,
12-07-2023 17:39,SDO-APAC,Request,List Upload,Neon DX H3I: Customer lists reset request,16:27:39, ,
12-07-2023 19:15,SDO-APAC,Incident,Disk Space Issue,NEON-dX@H3I (Incident):Disk Space Exceed Alert  /,01:30:50, ,
13-07-2023 10:00,SDO-APAC,Incident,UI not Accessible,Neon DX H3I:Kindly unlock below mentioned Neon dX user and confirm once unlock done,00:23:48, ,
13-07-2023 11:51,SDO-APAC,Incident,Disk Space Issue,NEON-dX@H3I(incident):Disk Space Exceed Alert | on Jarvis,23:02:36, ,
13-07-2023 12:28,Product-Support,Request,UI Related Others,Neon-dx-Hutchison 3 idn HDFS_TO_FTP_DOWNLOADER is not working getting error,175:49:26, ,
13-07-2023 14:57,Product-Support,Request,Mount Failure,NEON-DX:H3I--Disk space issue | / reached 97%,01:37:24, ,
14-07-2023 02:09,SDO-APAC,Incident,Configuration,NEON-dX@H3I (Incident):Failed MR Jobs,102:54:55, ,
14-07-2023 08:49,SDO-APAC,Incident,IM Tool Issues,H3i Neon DX| Offer Display Issue,07:50:52, ,
14-07-2023 10:49,Service Desk,Request,Data Extract,Extract Data and share on path,00:07:17, ,
14-07-2023 11:00,SDO-APAC,Request,Data Extract,Neon DX H3I: Extract Data and share on path,242:18:01, ,
14-07-2023 12:17,SDO-APAC,Incident,CB Failure,NEON-dX@H3I(Incident): marathon app '/neon/apps/platform/conveyor-belt' failed,146:54:04, ,
14-07-2023 12:35,SDO-APAC,Incident,Disk Space Issue,NEON-dX@H3I(Incident):Disk Space Exceed Alert |  jarvis,04:14:47, ,
14-07-2023 14:42,SDO-APAC,Request,Configuration,NEON-DX:H3I-offer shell issue,96:48:09, ,
14-07-2023 16:10,SDO-APAC,Incident,Transport Failure,NEON-dX@H3I (Incident): marathon app '/neon/apps/platform/transport-3' failed,95:18:43, ,
14-07-2023 16:15,SDO-APAC,Request,List Upload,Neon DX H3I: Customer lists reset request,00:11:33, ,
14-07-2023 17:54,SDO-APAC,Incident,High queue count,NEON-dX@H3I (Incident): REAL TIME ENGINE QUEUE is increasing,93:35:12, ,
14-07-2023 19:09,SDO-APAC,Incident,Disk Space Issue,NEON-dX@H3I (Incident): Disk Space Exceed Alert | /application_log_backup on jarvis,399:14:40, ,
17-07-2023 00:04,SDO-APAC,Incident,Disk Space Issue,NEON-dX@H3I (Incident):Disk Space Issue,83:38:38, ,
17-07-2023 03:37,SDO-APAC,Incident,Transport Failure,NEON-dX@H3I (Incident):marathon app '/neon/apps/platform/transport' failed,29:28:23, ,
17-07-2023 21:18,SDO-APAC,Incident,IM Offer Configuration,H3I Neon DX| Unable to Save Offer,18:15:19, ,
17-07-2023 23:02,TAC-Systems,Request,Planned Activities - External,NEON-dX@H3I:-Release of Duplicate Seeding Reward Flow-- Non_Trigger_SeedingData_DataBonusFlow,10:39:27, ,
18-07-2023 03:50,SDO-APAC,Incident,API Failed,NEON-dX@H3I (Incident):multiple failures on /neon/apps/platform/api-server,08:28:33, ,
18-07-2023 12:48,SDO-APAC,Request,List Upload,Neon DX H3I: Customer lists reset request,05:01:52, ,
18-07-2023 14:39,SDO-APAC,Request,Configuration,Neon DX H3I: HDFS_TO_FTP_DOWNLOADER is not working,164:12:26, ,
18-07-2023 17:56,Product-Support,Request,Disk Space Issue,NEON-DX:H3I-Disk space issue | / is 98%,04:32:15, ,
18-07-2023 20:17,SDO-APAC,Request,RTE Restart,H3I Neon Dx| RTE Restart Request,67:18:20, ,
19-07-2023 10:19,Product-Support,Incident,Configuration,NEON-dX@H3I (Incident):Newly created trigger is not working required RTE restart,34:03:24, ,
19-07-2023 11:09,SDO-APAC,Request,Configuration,NEON-dX@H3I :Need to include backup of other modules in NDX-BR,295:09:58, ,
19-07-2023 12:03,Product-Support,Request,BC Related Others,Neon DX H3I: Below mentioned broadcast� got zero counts yesterday 18th July 2023,819:44:51, ,
19-07-2023 12:06,SDO-APAC,Incident,CB Failure,NEON-dX@H3I(Incident):marathon app '/neon/apps/platform/conveyor-belt' failed,23:38:09, ,
19-07-2023 12:09,SDO-APAC,Incident,CB Failure,NEON-dX@H3I(Incident):marathon app '/neon/apps/platform/conveyor-belt' failed,Yet to be Closed, ,
19-07-2023 12:15,SDO-APAC,Incident,Data Job Failure,NEON-dX@H3I(Incident):MR Job Failure,Yet to be Closed, ,
20-07-2023 02:01,SDO-APAC,Incident,Configuration,NEON-dX@H3I (Incident): Failed MR Job,09:41:28, ,
20-07-2023 03:06,SDO-APAC,Incident,Disk Space Issue,NEON-dX@H3I (Incident): Disk Space Exceed Alert | /ftp-archive,08:36:16, ,
20-07-2023 10:59,SDO-APAC,Incident,Fulfillment Related Others,Neon DX H3I: UAT Issue Fulfilment success not credited,00:52:17, ,
20-07-2023 12:56,SDO-APAC,Request,Data Extract,Neon DX H3I: Extract Data and share on path,03:38:28, ,
20-07-2023 13:59,Engineering-Extension,Request,Configuration,NEON-dX@H3I:Testbed:issue with customization extn_h3i_cg_conversion,00:52:46, ,
20-07-2023 14:27,SDO-APAC,Request,List Upload,Neon DX H3I: List refresh request Recharge Campaign for Potential Dual Sim User - July 2023,04:42:53, ,
20-07-2023 18:04,SDO-APAC,Incident,Disk Space Issue,NEON-dX@H3I (Incident): Disk Space Exceed Alert in  /,01:08:17, ,
21-07-2023 00:56,TAC-Systems,Incident,Disk Space Issue,NEON-dX@H3I(Incident):Disk Space Exceed Alert on jarvis,81:01:34, ,
21-07-2023 08:54,SDO-APAC,Request,Reports,H3I Neon Dx| Marketing Head Number Addition in Daily SMS Report,07:37:39, ,
21-07-2023 12:48,SDO-APAC,Request,List Upload,Neon DX H3I: Customer lists reset request,03:40:58, ,
21-07-2023 13:41,SDO-APAC,Incident,Configuration,NEON-dX@H3I (Incident):trigger not initiating,3673:50:32, ,
21-07-2023 16:28,TAC-Systems,Request,Script requirements,NEON-DX:H3I:Package installation for HDFS_TO_FTP_DOWNLOADER,02:16:57, ,
21-07-2023 16:59,Product-Support,Request,Configuration,NEON-dX@H3I:Request to enable Customer Data Extraction,51:02:57, ,
21-07-2023 23:09,Product-Support,Request,Disk Space Issue,NEON-DX:H3I-Disk space issue | / is 97%,58:28:12, ,
22-07-2023 02:08,SDO-APAC,Incident,OU Failure,NEON-dX@H3I (Incident):Failed MR Jobs,77:06:09, ,
22-07-2023 12:21,SDO-APAC,Incident,CB Failure,NEON-dX@H3I (Incident):marathon app '/neon/apps/platform/conveyor-belt' failed,66:48:06, ,
22-07-2023 18:54,Service Desk,Request,Reports,FW: Daily SMS Report,00:08:48, ,
23-07-2023 23:27,Service Desk,Incident,CPU utilization,NEON-dX@H3I (Incident): Disk Space Exceed Alert,55:23:43, ,
24-07-2023 13:13,SDO-APAC,Incident,BC Sent Count Issue,NEON-DX:H3I:Seeding BC sent count issue,214:19:12, ,
24-07-2023 22:58,Operations-IM,Incident,Disk Space Issue,NEON-dX@H3I (Incident): Disk Space Exceed Alert on /application_log_backup,15:34:52, ,
25-07-2023 02:02,SDO-APAC,Incident,MR Job failed,NEON-dX@H3I (Incident): Failed MR Jobs,78:50:48, ,
25-07-2023 09:57,SDO-APAC,Request,List Upload,Neon DX H3I: Customer lists reset request,23:44:36, ,
25-07-2023 12:54,R&D Product Support,Request,CB Failure,NEON-DX:H3I: Frequent CB failures,Yet to be Closed, ,
26-07-2023 08:15,SDO-APAC,Incident,Disk Space Issue,NEON-dX@H3I (Incident): Disk Space Exceed Alert in  /,122:10:40, ,
26-07-2023 10:13,SDO-APAC,Incident,Configuration,NEON-dX@H3I (Incident): High Event Growth in H3I,120:14:23, ,
26-07-2023 10:17,SDO-APAC,Request,IM Request,H3I NeonDX| AUTH Key Creation Test BED,02:30:28, ,
26-07-2023 13:30,SDO-APAC,Request,Data Extract,Neon-dx-Hutchison 3 idn BI JOB failed not getting output,115:41:03, ,
26-07-2023 18:54,SDO-APAC,Incident,OU Failure,NEON-dX@H3I (Incident):marathon app '/neon/apps/dk/ostrich-uploader' failed,38:00:26, ,
27-07-2023 12:55,SDO-APAC,Incident,CB-Task failed,NEON-dX@H3I (Incident):marathon app '/neon/apps/platform/conveyor-belt' failed,93:33:01, ,
27-07-2023 19:21,SDO-APAC,Incident,Offer Creation,Neon DX H3I: we are not able to save any offer in testbed,86:55:48, ,
27-07-2023 21:31,R&D Product Support,Problem,Configuration,NEON-dX@H3I (Incident):fulfilment log is showing in transport server,Yet to be Closed, ,
28-07-2023 08:18,SDO-APAC,Incident,Disk Space Issue,NEON-dX@H3I (Incident):Disk space issue on jarvis | /application_log_backup,74:05:11, ,
28-07-2023 08:50,SDO-APAC,Request,BC Delay,Neon DX H3I:Delay seeding in BC,79:12:42, ,
28-07-2023 08:56,SDO-APAC,Incident,Acknowledgement Related,Neon DX H3I: Low Acknowledgement on 27 July 2023,78:07:56, ,
28-07-2023 09:10,SDO-APAC,Incident,BC Sent Count Issue,Neon DX H3I:We have observed below mentioned findings from last 2 Days (Data in MN),656:07:30, ,
28-07-2023 09:23,SDO-APAC,Incident,UI Slowness,NEON-dX@H3I (Incident):UI is loading too slow,02:29:37, ,
28-07-2023 09:35,SDO-APAC,Request,UI not Accessible,Neon DX H3I: Not able to open Testbed,02:15:09, ,
28-07-2023 10:14,SDO-APAC,Request,List Upload,Neon DX H3I: Customer lists reset request,01:35:19, ,
28-07-2023 10:59,Product-Support,Incident,Configuration,NEON-dX@H3I (Incident): Testbed--Unable to save new offer,02:13:13, ,
29-07-2023 10:52,SDO-APAC,Incident,Reports,Neon DX H3I: Hourly Report conversion count show 0 (zero) occasionally,3817:39:40, ,
29-07-2023 11:43,SDO-APAC,Incident,Fulfillment Related Others,Neon DX H3I: Fulfillment not happened,73:34:22, ,
29-07-2023 12:27,Service Desk,Incident,CB-Task failed,NEON-dX@H3I(Incident):marathon app '/neon/apps/platform/conveyor-belt' failed,Yet to be Closed, ,
30-07-2023 01:04,SDO-APAC,Incident,OU Failure,NEON-dX@H3I (Incident): marathon app '/neon/apps/dk/ostrich-uploader' failed,31:51:11, ,
30-07-2023 02:00,SDO-APAC,Incident,Configuration,NEON-dX@H3I (Incident): Failed MR Job,30:55:28, ,
30-07-2023 09:01,Product-Support,Request,BC Sent Count Issue,Neon DX H3I:Seeding broadcast have zero and mismatch count (CVM_Extend_SIM_Validity),3462:33:38, ,
31-07-2023 09:04,Service Desk,Incident,Disk Space Issue,NEON-dX@H3I (Incident):,00:01:06, ,
31-07-2023 09:08,SDO-APAC,Incident,Disk Space Issue,NEON-dX@H3I (Incident): Disk Space Exceed Alert,01:17:31, ,
31-07-2023 10:34,Product-Support,Request,Data Extract,NEON-dX@H3I || Persona Model Execution ||AUG'2023,175:36:06, ,
31-07-2023 10:51,Product-Support,Request,UCG Base,NEON-dX@H3I || Yearly UCG refresh || AUG'2023,103:26:02, ,
31-07-2023 11:30,TAC-Systems,Request,Configuration,NEON-dX@H3I (Incident):Ndx-br Backup is not updating,102:33:45, ,
01-08-2023 10:10,Product-Support,Request,Fulfillment Delay,Neon DX H3I: FF Success is not happening,26:59:05, ,
01-08-2023 10:16,SDO-APAC,Request,List Upload,Neon DX H3I: Customer lists reset request,00:55:24, ,
01-08-2023 11:10,Product-Support,Request,Data Extract,Neon DX H3I| File sharing,05:16:02, ,
01-08-2023 12:31,Product-Support,Incident,CB Failure,NEON-dX@H3I (Incident): marathon app '/neon/apps/platform/conveyor-belt' failed,04:01:39, ,
01-08-2023 15:26,Product-Support,Incident,Campaign Delay,Neon DX H3I: BC Generated base count but not sent,00:58:41, ,
01-08-2023 16:20,Product-Support,Incident,Disk Space Issue,NEON-dX@H3I (Incident): Disk Space Exceed Alert in /usr/local & /data/backup,19:49:22, ,
01-08-2023 23:21,SDO-APAC,Incident,Disk Space Issue,NEON-dX@H3I (Incident): Disk Space Exceed Alert in  /,12:09:21, ,
02-08-2023 02:07,SDO-APAC,Incident,Configuration,NEON-dX@H3I (Incident): Failed MR Job,200:00:14, ,
02-08-2023 08:58,Service Desk,Request,Configuration,H3I Neo DX|Offer Display Attack/Defend_Offer Attribute filtering with Anyof conditiond,00:07:54, ,
02-08-2023 14:55,SDO-APAC,Request,Reports,Neon DX H3I: Add report recepient,01:01:52, ,
02-08-2023 15:03,Product-Support,Request,Configuration,Neon DX H3I |BonsTri Enhancement 2023_v2,17:25:38, ,
02-08-2023 15:06,IT-Infra,Request,CRM User ID Creation,Neon DX H3I: Request to reset Harry's VPN and OTRS Ticket user access,02:41:15, ,
03-08-2023 12:32,SDO-APAC,Incident,CB-Task failed,NEON-dX@H3I (Incident):marathon app '/neon/apps/platform/conveyor-belt' failed,05:29:05, ,
03-08-2023 15:15,SDO-APAC,Request,CRM User ID Creation,Neon DX H3I: Neon-DX user creation,02:42:40, ,
03-08-2023 16:26,SDO-APAC,Request,List Upload,Neon DX H3I: Customer lists reset request,01:35:48, ,
03-08-2023 17:38,TAC-Systems,Request,CRM User ID Creation,NEON-DX:H3I- CR deployment,23:52:10, ,
03-08-2023 21:32,SDO-APAC,Incident,Disk Space Issue,NEON-dX@H3I (Incident):Disk space exceeded critical level on jarvis,13:49:07, ,
03-08-2023 21:45,SDO-APAC,Incident,Disk Space Issue,NEON-DX:H3I- Backup issue,88:49:47, ,
04-08-2023 10:49,SDO-APAC,Incident,Campaign Related Others,Neon DX H3I: BCs campaigns  not Sent after Generated,00:50:13, ,
04-08-2023 12:45,SDO-APAC,Incident,CB Failure,NEON-dX@H3I (Incident):marathon app '/neon/apps/platform/conveyor-belt' failed,04:11:29, ,
04-08-2023 13:17,SDO-APAC,Request,List Upload,Neon DX H3I:-PAU Campaign - Bonus Quota 1st Buyers in Bima+  (LIST Append request),03:41:29, ,
04-08-2023 13:31,SDO-APAC,Request,List Upload,Neon DX H3I:Bima Welcome Reward Campaign - July (List append request),03:54:47, ,
04-08-2023 16:20,SDO-APAC,Incident,Disk Space Issue,NEON-dX@H3I (Incident): Disk Space Exceed Alert data/backup100% & /application_log_backup,00:18:35, ,
04-08-2023 16:35,Product-Support,Request,FeatureBUG,NEON-DX:H3I- RCA for 27th fulfillment issue,118:29:41, ,
04-08-2023 22:40,SDO-APAC,Incident,OU Failure,NEON-dX@H3I(Incident):marathon app '/neon/apps/dk/ostrich-uploader' failed,00:18:43, ,
05-08-2023 13:07,SDO-APAC,Incident,CB-Task failed,NEON-dX@H3I (Incident):marathon app '/neon/apps/platform/conveyor-belt' failed,45:22:20, ,
06-08-2023 11:42,SDO-APAC,Incident,IM Exception,NEON-dX@H3I (Incident): High IM ERROR,23:06:09, ,
06-08-2023 12:54,SDO-APAC,Incident,CB-Task failed,NEON-dX@H3I (Incident): marathon app '/neon/apps/platform/conveyor-belt' failed,21:39:39, ,
06-08-2023 14:23,SDO-APAC,Incident,Disk Space Issue,NEON-dX@H3I (Incident):Disk Space Exceed Alert | / on jarvis,20:15:28, ,
07-08-2023 09:24,Product-Support,Request,Data Extract,NEON-dX@H3I || Multi Model Execution ||AUG'2023,81:39:04, ,
07-08-2023 10:33,SDO-APAC,Request,List Upload,Neon DX H3I: Customer lists reset request,00:07:01, ,
07-08-2023 12:20,SDO-APAC,Incident,CB-Task failed,NEON-dX@H3I (Incident): marathon app '/neon/apps/platform/conveyor-belt' failed,02:15:34, ,
07-08-2023 15:05,SDO-APAC,Incident,Acknowledgement Related,Neon DX H3I:Acknowledgement�showing drop from 16% compare from July 2023 Month,73:04:20, ,
07-08-2023 15:47,Product-Support,Problem,Fulfillment Related Others,Neon DX H3I: Transaction is captured but no fulillment happened,Yet to be Closed, ,
08-08-2023 00:55,SDO-APAC,Incident,Disk Space Issue,NEON-dX@H3I (Incident): Disk Space Exceed Alert,06:19:09, ,
08-08-2023 07:05,SDO-APAC,Incident,Disk Space Issue,NEON-dX@H3I (Incident): Disk Space Exceed Alert in  /      100%,00:10:29, ,
08-08-2023 09:30,SDO-APAC,Incident,Disk Space Issue,NEON-dX@H3I (Incident): Disk Space Exceed Alert | /ftp-archive,23:24:15, ,
08-08-2023 12:07,SDO-APAC,Incident,CB-Task failed,NEON-dX@H3I (Incident): marathon app '/neon/apps/platform/conveyor-belt' failed,22:25:38, ,
09-08-2023 11:52,IT-Infra,Incident,IT-Infra Others,Neon DX H3I:laptop is not working and very slow response,119:42:42, ,
09-08-2023 12:09,TAC-Systems,Request,CRM User ID Creation,NEON-DX:H3I-New user creation,04:22:55, ,
09-08-2023 13:05,SDO-APAC,Request,List Upload,Neon DX H3I: Customer lists reset request,20:53:29, ,
09-08-2023 14:17,Product-Support,Incident,Configuration,NEON-DX:H3I-Standby queue clean up,22:28:04, ,
10-08-2023 15:35,Product-Support,Incident,Disk Space Issue,NEON-dX@H3I (Incident): Disk Space Exceed Alert on  /,02:02:46, ,
10-08-2023 22:43,SDO-APAC,Incident,Disk Space Issue,NEON-dX@H3I (Incident):Disk Space Issue on jarvis | /,17:05:04, ,
10-08-2023 23:08,Service Desk,Incident,API Failed,NEON-dX@H3I (Incident):marathon app '/neon/apps/platform/api-server' failed,00:04:11, ,
10-08-2023 23:44,Product-Support,Incident,Disk Space Issue,NEON-dX@H3I (Incident): Disk Space Exceed Alert | /dfs2 on node14,307:25:37, ,
11-08-2023 02:01,SDO-APAC,Incident,Configuration,NEON-dX@H3I (Incident):Failed MR Jobs,81:12:14, ,
11-08-2023 11:58,SDO-APAC,Incident,CB-Task failed,NEON-dX@H3I(Incident):marathon app '/neon/apps/platform/conveyor-belt' failed,02:08:36, ,
11-08-2023 12:07,SDO-APAC,Request,List Upload,Neon DX H3I:  Customer lists reset and then upload the base request,04:43:14, ,
11-08-2023 12:10,SDO-APAC,Request,List Upload,Neon DX H3I: Customer lists reset request,04:42:18, ,
11-08-2023 13:21,SDO-APAC,Request,CRM User ID Creation,Neon DX H3I: Add sms revenue recipient,02:25:46, ,
11-08-2023 13:22,SDO-APAC,Incident,RTE Files Pending,NEON-dX@H3I(Incident):High RTE Queue count,00:55:36, ,
11-08-2023 13:51,Product-Support,Request,Trigger Related Issue,NeonDX@H3I| Trigger Issue,114:39:24, ,
11-08-2023 14:43,Service Desk,Incident,Fulfillment Related Others,FW: UAT - NUSRA Campaign 2 bonus GB & VOICE,00:13:17, ,
11-08-2023 16:19,Product-Support,Incident,Fulfillment Related Others,Neon DX H3I:UAT - NUSRA Campaign 2 bonus GB & VOICE,14:15:41, ,
11-08-2023 19:08,SDO-APAC,Request,Fulfillment Related Others,Neon dx@H3I | Error 4XX from CVM | Offer Acceptance Custom Data,833:48:32, ,
11-08-2023 22:41,SDO-APAC,Incident,Disk Space Issue,NEON-dX@H3I (Incident): Disk Space Exceed Alert in  /,60:29:51, ,
12-08-2023 01:06,SDO-APAC,Incident,OU Failure,NEON-dX@H3I (Incident): marathon app '/neon/apps/dk/ostrich-uploader' failed,58:03:38, ,
12-08-2023 14:47,SDO-APAC,Incident,Disk Space Issue,NEON-dX@H3I(Incident):Disk Space Exceed Alert |  ftp-archive on jarvis,44:25:46, ,
13-08-2023 12:03,SDO-APAC,Incident,CB-Task failed,NEON-dX@H3I (Incident): marathon app '/neon/apps/platform/conveyor-belt' failed,23:06:08, ,
14-08-2023 11:01,SDO-APAC,Request,List Upload,Neon DX H3I: Customer lists reset request,06:49:21, ,
14-08-2023 12:02,SDO-APAC,Incident,CB-Task failed,NEON-dX@H3I (Incident):marathon app '/neon/apps/platform/conveyor-belt' failed,51:38:19, ,
14-08-2023 12:05,SDO-APAC,Incident,OU Failure,NEON-dX@H3I (Incident):marathon app '/neon/apps/dk/ostrich-uploader' failed,51:35:45, ,
14-08-2023 13:43,SDO-APAC,Incident,Rendering Failure,Neon DX H3I: Campaign status: Rendering Failed,54:11:17, ,
14-08-2023 14:15,Product-Support,Incident,Fulfillment Related Others,Neon DX H3I: Reward not processed issue 6289520630664,01:00:01, ,
14-08-2023 17:46,SDO-APAC,Request,Data Extract,Neon-dx-Hutchison 3 IDN we are using this version v6.9-SP1�(c)�2021� kindly help with new script for loading table bcz not getting output,95:40:10, ,
14-08-2023 21:05,SDO-APAC,Incident,Disk Space Issue,NEON-dX@H3I (Incident):Disk Space Issue on jarvis | /,42:39:40, ,
14-08-2023 21:39,SDO-APAC,Incident,Disk Space Issue,NEON-dX@H3I (Incident): Disk Space Exceed Alert | /ftp-archive on jarvis,42:04:55, ,
15-08-2023 00:52,SDO-APAC,Incident,Disk Space Issue,NEON-dX@H3I (Incident):Disk Space Exceed Alert,38:53:40, ,
15-08-2023 07:30,SDO-APAC,Incident,Node Down,NEON-dX@H3I (Incident):Hadoop Health Check Failure,32:25:05, ,
16-08-2023 08:28,TAC-Systems,Request,Configuration,NEON-dX@H3I (Incident):please update ftpuser password,00:08:17, ,
16-08-2023 11:36,SDO-APAC,Request,List Upload,Neon DX H3I: Customer lists reset request,04:06:45, ,
16-08-2023 13:38,SDO-APAC,Request,UCG Base,Neondx @ H3I| UCG Append,02:56:00, ,
17-08-2023 02:41,SDO-APAC,Incident,Configuration,NEON-dX@H3I (Incident):Failed MR Jobs (Stale service removal),173:56:56, ,
17-08-2023 07:43,SDO-APAC,Incident,Disk Space Issue,NEON-dX@H3I(Incident):Disk Space Exceed Alert |  ftp-archive on jarvis,33:50:07, ,
17-08-2023 09:41,SDO-APAC,Incident,Disk Space Issue,NEON-dX@H3I(Incident):Disk Space Exceed Alert on jarvis,31:54:03, ,
17-08-2023 11:22,SDO-APAC,Incident,CB-Task failed,NEON-dX@H3I(Incident):marathon app '/neon/apps/platform/conveyor-belt' failed,29:08:27, ,
17-08-2023 11:25,SDO-APAC,Incident,OU Failure,NEON-dX@H3I(Incident):marathon app '/neon/apps/dk/ostrich-uploader' failed,30:05:17, ,
17-08-2023 13:51,TAC-Systems,Request,Configuration,NEON-dX@H3I : Testbed password expired for dxuser,20:11:49, ,
17-08-2023 14:26,Product-Support,Incident,BC Generated Count Issue,Neon DX H3I:Below mentioned broadcast  got zero counts on15th Aug 2023,Yet to be Closed, ,
18-08-2023 07:20,SDO-APAC,Incident,Transport Failure,NEON-dX@H3I (Incident): marathon app '/neon/apps/platform/transport-4' failed,09:11:00, ,
18-08-2023 13:53,SDO-APAC,Request,List Upload,Neon DX H3I: Customer lists reset request,03:36:23, ,
18-08-2023 21:08,SDO-APAC,Incident,Disk Space Issue,NEON-dX@H3I (Incident): Disk Space Exceed Alert | /ftp-archive,00:30:59, ,
18-08-2023 22:53,SDO-APAC,Incident,Disk Space Issue,NEON-dX@H3I (Incident): Disk Space Exceed Alert /  node 14,129:38:48, ,
19-08-2023 11:15,SDO-APAC,Incident,CB Failure,NEON-dX@H3I (Incident): marathon app '/neon/apps/platform/conveyor-belt' failed,01:22:36, ,
19-08-2023 14:23,SDO-APAC,Incident,Disk Space Issue,NEON-dX@H3I (Incident): Disk space issue  /dfs8 has used up 95% of space,114:08:30, ,
19-08-2023 15:47,SDO-APAC,Incident,Disk Space Issue,NEON-dX@H3I (Incident): Disk Space Exceed Alert in  / and /usr/local,06:32:54, ,
20-08-2023 16:16,SDO-APAC,Incident,Disk Space Issue,NEON-dX@H3I (Incident): Disk Space Exceed Alert | / on jarvis,17:02:26, ,
21-08-2023 09:22,SDO-APAC,Request,Churn Job Related,Neon DX H3I: Customer lists reset request,01:32:46, ,
21-08-2023 14:33,Product-Support,Incident,Disk Space Issue,NEON-dX@H3I (Incident):Disk Space Issue on jarvis | /,21:25:52, ,
21-08-2023 19:31,SDO-APAC,Incident,Disk Space Issue,NEON-dX@H3I (Incident):Disk Space Exceed Alert | /ftp-archive on jarvis,16:00:09, ,
22-08-2023 10:27,SDO-APAC,Request,API Cache Refresh,NeonDX H3I| API Restart Request Test Bed,01:10:48, ,
22-08-2023 10:33,SDO-APAC,Incident,Transport Failure,NEON-dX@H3I(Incident):marathon app '/neon/apps/platform/transport-4' failed,01:02:23, ,
22-08-2023 11:11,SDO-APAC,Incident,CB-Task failed,NEON-dX@H3I(Incident):marathon app '/neon/apps/platform/conveyor-belt' failed,00:23:33, ,
22-08-2023 23:16,SDO-APAC,Incident,Disk Space Issue,NEON-dX@H3I (Incident): Disk Space Exceed Alert in  /,10:23:46, ,
23-08-2023 04:44,SDO-APAC,Incident,Disk Space Issue,NEON-dX@H3I (Incident): Disk Space Exceed Alert | /ftp-archive,04:53:00, ,
23-08-2023 09:46,SDO-APAC,Request,List Upload,Neon DX H3I: Customer lists reset request,05:27:27, ,
23-08-2023 11:05,SDO-APAC,Incident,CB Failure,NEON-dX@H3I(incident):marathon app '/neon/apps/platform/conveyor-belt' failed,04:07:44, ,
23-08-2023 12:43,SDO-APAC,Request,List Upload,Neon DX H3I:UPDATE EXTERNAL BASE] Purchase Stimulation NewSubs LT90,19:45:16, ,
23-08-2023 23:01,SDO-APAC,Incident,Disk Space Issue,NEON-dX@H3I (Incident):Disk Space Exceed Alert  /,09:28:29, ,
24-08-2023 07:22,SDO-APAC,Incident,Disk Space Issue,NEON-dX@H3I(Incident):Disk Space Exceed Alert |  ftp-archive on jarvis,01:05:03, ,
24-08-2023 11:40,SDO-APAC,Maintenance,CB-Task failed,NEON-dX@H3I(Incident):marathon app '/neon/apps/platform/conveyor-belt' failed,06:12:15, ,
24-08-2023 14:48,SDO-APAC,Incident,Disk Space Issue,NEON-dX@H3I (Incident): Disk Space Exceed Alert in  /,03:04:53, ,
25-08-2023 08:43,SDO-APAC,Request,List Upload,Neon DX H3I: Customer lists reset request,01:21:58, ,
25-08-2023 11:18,SDO-APAC,Request,Fulfillment Failure,Neon Dx H3I | FF Processing Issue Seeding BC,264:21:25, ,
25-08-2023 23:15,SDO-APAC,Incident,Disk Space Issue,NEON-dX@H3I (Incident): Disk Space Exceed Alert | /ftp-archive,04:33:50, ,
26-08-2023 02:18,SDO-APAC,Incident,Disk Space Issue,NEON-dX@H3I (Incident): Failed MR Job,58:06:05, ,
26-08-2023 03:03,SDO-APAC,Incident,OU Failure,NEON-dX@H3I (Incident): marathon app '/neon/apps/dk/ostrich-uploader' failed,57:16:00, ,
26-08-2023 03:19,SDO-APAC,Incident,Disk Space Issue,NEON-dX@H3I (Incident): Disk Space Exceed Alert | /ftp-archive | 100%,56:57:07, ,
26-08-2023 04:12,SDO-APAC,Incident,Disk Space Issue,NEON-dX@H3I (Incident): Disk Space Exceed Alert | /usr/local,56:10:34, ,
26-08-2023 13:23,SDO-APAC,Incident,IM Exception,NEON-dX@H3I (Incident): Alert !!! H3I | High IM ERROR,46:57:20, ,
26-08-2023 16:08,SDO-APAC,Incident,Disk Space Issue,NEON-dX@H3I (Incident): Disk Space Exceed Alert in  /,44:09:22, ,
28-08-2023 10:10,SDO-APAC,Request,List Upload,Neon DX H3I: Customer lists reset request,02:07:13, ,
28-08-2023 20:18,SDO-APAC,Incident,Disk Space Issue,NEON-dX@H3I (Incident):Disk Space issue | /,40:45:43, ,
28-08-2023 23:28,SDO-APAC,Incident,Disk Space Issue,NEON-dX@H3I (Incident): Disk space issue //ftp-archive,45:59:25, ,
29-08-2023 11:17,SDO-APAC,Incident,CB Failure,NEON-dX@H3I (Incident): marathon app '/neon/apps/platform/conveyor-belt' failed,25:53:35, ,
30-08-2023 09:16,SDO-APAC,Request,List Upload,Neon DX H3I: Customer lists reset request,03:55:08, ,
30-08-2023 11:07,SDO-APAC,Incident,CB Failure,NEON-dX@H3I (Incident): marathon app '/neon/apps/platform/conveyor-belt' failed,02:07:12, ,
30-08-2023 16:47,Product-Support,Incident,Disk Space Issue,"NEON-dX@H3I (Incident):Disk space exceed alert on jarvis| ""/""",00:46:37, ,
30-08-2023 20:58,SDO-APAC,Incident,Disk Space Issue,NEON-dX@H3I (Incident):Disk space exceed alert on jarvis| /ftp-archive,00:28:32, ,
31-08-2023 11:11,Product-Support,Request,Data Extract,Neon-dx-Hutchison 3 IDN BI query has been scheduled BUt output not coming same type of  jobs scheduled in other oppco getting output ( previous ticket number for your reference 20230726000566 ),1976:44:09, ,
31-08-2023 14:42,SDO-APAC,Incident,Disk Space Issue,NEON-dX@H3I(Incident):Disk Space Exceed Alert |  jarvis,01:30:24, ,
31-08-2023 18:01,SDO-APAC,Incident,IM Exception,NEON-dX@H3I(Incident):High IM TIMEOUTS,22:02:58, ,
31-08-2023 18:32,SDO-APAC,Request,Sender ID change,Neon DX H3I: Request create new sms Sender Id,16:56:36, ,
31-08-2023 20:50,SDO-APAC,Incident,Disk Space Issue,NEON-dX@H3I(Incident):Disk Space Exceed Alert |  ftp-archive on jarvis,15:13:46, ,
01-09-2023 09:32,SDO-APAC,Request,List Upload,Ticket Created: Neon DX H3I: Customer lists reset request,06:29:50, ,
01-09-2023 11:38,SDO-APAC,Incident,Containers Failure,NEON-dX@H3I (Incident):marathon app '/neon/apps/platform/transport-3' failed,04:24:27, ,
01-09-2023 11:55,Product-Support,Incident,Disk Space Issue,NEON-dX@H3I (Incident):Disk Space issue | /,04:27:12, ,
01-09-2023 17:36,SDO-APAC,Incident,OU Failure,NEON-dX@H3I (Incident):marathon app '/neon/apps/dk/ostrich-uploader' failed,64:21:39, ,
01-09-2023 22:59,SDO-APAC,Incident,Disk Space Issue,NEON-dX@H3I(Incident):Disk Space Exceed Alert |  ftp-archive on jarvis,35:55:07, ,
02-09-2023 11:13,Product-Support,Request,Conveyor belt related other,NEON-DX:H3I:Delay in CB render,217:23:12, ,
02-09-2023 14:35,SDO-APAC,Incident,CB-Task failed,NEON-dX@H3I (Incident):marathon app '/neon/apps/platform/conveyor-belt' failed,43:23:40, ,
02-09-2023 16:05,SDO-APAC,Incident,Disk Space Issue,NEON-dX@H3I (Incident): Disk Space Exceed Alert | /  on jarvis,18:49:21, ,
03-09-2023 12:18,SDO-APAC,Incident,Transport Failure,NEON-dX@H3I (Incident): marathon app '/neon/apps/platform/transport & transport-3' failed,21:41:24, ,
04-09-2023 09:48,SDO-APAC,Request,List Upload,Neon DX H3I: Customer lists reset request,00:12:03, ,
04-09-2023 10:51,TAC-Systems,Request,Deployment related,NEON-DX:H3I:Version upgrade from 6.9 sp1 to 6.10 GA,102:31:49, ,
04-09-2023 16:31,SDO-APAC,Request,List Upload,Neon DX H3I: Add LIST Bima Welcome Reward Campaign - Aug,19:06:17, ,
04-09-2023 16:50,SDO-APAC,Incident,Configuration,NEON-dX@H3I (Incident):Failed MR Jobs,67:27:37, ,
04-09-2023 16:55,SDO-APAC,Incident,Disk Space Issue,NEON-dX@H3I (Incident):Disk space issue on jarvis|/ftp-archive,61:47:47, ,
04-09-2023 20:02,SDO-APAC,Incident,Disk Space Issue,"NEON-dX@H3I (Incident):Disk space issue on jarvis|"" /""",14:42:02, ,
05-09-2023 09:43,TAC-Systems,Request,Data Extract,NEON-DX:H3I:Full MSISDN list,05:07:42, ,
05-09-2023 14:04,SDO-APAC,Incident,Fulfillment Related Others,Neon DX H3I: Fulfilment Success not showing for 5 broadcast,00:47:27, ,
05-09-2023 15:52,SDO-APAC,Incident,CB Failure,NEON-dX@H3I (Incident): marathon app '/neon/apps/platform/conveyor-belt' failed,17:12:50, ,
05-09-2023 19:34,Product-Support,Request,List Upload,Neon DX H3I:PAU Campaign - Bonus Quota 1st Buyers in Bima+,00:33:39, ,
05-09-2023 20:13,SDO-APAC,Incident,Disk Space Issue,NEON-dX@H3I (Incident):Disk Space Issue on jarvis | /,36:10:02, ,
06-09-2023 10:21,SDO-APAC,Request,List Upload,Neon DX H3I: Customer lists reset request,25:53:11, ,
06-09-2023 12:45,SDO-APAC,Incident,Containers Failure,NEON-dX@H3I (Incident):marathon app '/neon/apps/platform/conveyor-belt' failed,23:28:30, ,
06-09-2023 13:22,SDO-APAC,Incident,Acknowledgement Related,Neon DX H3I: Rejected numbers increased from 1 Sep 2023,144:35:41, ,
07-09-2023 09:38,SDO-APAC,Incident,OU Failure,NEON-dX@H3I (Incident): marathon app '/neon/apps/dk/ostrich-uploader' failed,02:38:21, ,
07-09-2023 11:39,SDO-APAC,Request,Trigger Creation,NeonDX H3I|TM4127_2042 Real time trigger CVM requirements,05:55:21, ,
07-09-2023 11:45,SDO-APAC,Request,List Upload,Neon DX H3I:  Customer lists reset and then upload the base request,03:44:30, ,
07-09-2023 19:44,SDO-APAC,Incident,Disk Space Issue,NEON-dX@H3I(Incident):Disk Space Exceed Alert |  ftp-archive on jarvis,16:14:53, ,
08-09-2023 02:10,SDO-APAC,Incident,Configuration,NEON-dX@H3I (Incident):Failed MR Jobs,81:18:44, ,
08-09-2023 03:15,SDO-APAC,Incident,OU Failure,NEON-dX@H3I (Incident):marathon app '/neon/apps/dk/ostrich-uploader' failed,08:11:26, ,
08-09-2023 08:20,SDO-APAC,Request,List Upload,Neon DX H3I: Customer lists reset request,03:05:29, ,
08-09-2023 11:58,SDO-APAC,Incident,DK Failed,NEON-dX@H3I (Incident): marathon app '/neon/apps/dk/flyftp-processor' failed,71:26:02, ,
08-09-2023 19:59,SDO-APAC,Incident,Configuration,NEON-dX@H3I (Incident):High rate on IM Timeouts and IM TPS 2,63:27:19, ,
08-09-2023 20:53,Product-Support,Request,Configuration,NEON-dX@H3I: Testbed license Request for IM advance Schedule,237:24:16, ,
09-09-2023 11:25,SDO-APAC,Incident,CB Failure,NEON-dX@H3I (Incident):marathon app '/neon/apps/platform/conveyor-belt' failed,47:58:39, ,
09-09-2023 14:16,SDO-APAC,Incident,Disk Space Issue,NEON-dX@H3I (Incident):Disk Space Issue on jarvis | /,45:12:25, ,
11-09-2023 11:39,SDO-APAC,Incident,CB Failure,NEON-dX@H3I (Incident): marathon app '/neon/apps/platform/conveyor-belt' failed,00:27:30, ,
11-09-2023 12:37,Product-Support,Request,Data Extract,NEON-dX@H3I || Persona Model Execution ||SEPT'2023,04:55:55, ,
11-09-2023 12:39,SDO-APAC,Request,UCG Base,Neondx @ H3I| UCG Model Run,25:07:28, ,
11-09-2023 13:11,SDO-APAC,Request,IM Request,H3I NeonDX| AUTH Key Creation Test BED,01:36:36, ,
11-09-2023 14:03,SDO-APAC,Request,List Upload,Neon DX H3I:  Customer lists upload request,01:52:16, ,
11-09-2023 15:51,Product-Support,Request,Script requirements,NEON-DX:H3I- Certification not trusted error,20:34:22, ,
11-09-2023 22:28,SDO-APAC,Incident,Disk Space Issue,NEON-dX@H3I (Incident): Disk Space Exceed Alert in  /,15:19:52, ,
12-09-2023 02:05,SDO-APAC,Incident,Configuration,NEON-dX@H3I (Incident): Failed MR Job | Stale service removal,537:01:34, ,
12-09-2023 02:25,SDO-APAC,Incident,Disk Space Issue,NEON-dX@H3I (Incident): Disk Space Exceed Alert | /ftp-archive,11:22:26, ,
12-09-2023 11:26,SDO-APAC,Request,List Upload,Neon DX H3I:LIST Reset and upload again request,11:18:23, ,
12-09-2023 11:44,SDO-APAC,Incident,CB Failure,NEON-dX@H3I (Incident): marathon app '/neon/apps/platform/conveyor-belt' failed,02:04:51, ,
12-09-2023 12:30,TAC-Systems,Request,Configuration,NEON-dX@H3I:Testbed: update Installation key for h3i testbed,03:58:53, ,
12-09-2023 19:12,SDO-APAC,Incident,OU Failure,NEON-dX@H3I (Incident): marathon app '/neon/apps/dk/ostrich-uploader' failed,14:22:05, ,
12-09-2023 22:14,SDO-APAC,Incident,Disk Space Issue,NEON-dX@H3I(Incident):Disk Space Exceed Alert |  jarvis,11:16:28, ,
13-09-2023 13:02,SDO-APAC,Incident,CB-Task failed,NEON-dX@H3I(Incident):marathon app '/neon/apps/platform/conveyor-belt' failed,29:07:58, ,
14-09-2023 01:57,SDO-APAC,Incident,MR Job failed,NEON-dX@H3I (Incident): Failed MR Jobs,34:58:50, ,
14-09-2023 10:15,SDO-APAC,Request,Trigger Related Issue,NeonDX @H3I| Trigger Issue,270:57:28, ,
14-09-2023 15:01,SDO-APAC,Incident,Disk Space Issue,"NEON-dX@H3I (Incident):Disk Space Exceed Alert on Jarvis |""/""",03:11:01, ,
14-09-2023 15:47,TAC-Systems,Request,Reports,System Alerts,18:42:27, ,
15-09-2023 02:54,SDO-APAC,Incident,CPU utilization,NEON-dX@H3I (Incident): Disk Space Exceed Alert | /ftp-archive,08:58:08, ,
15-09-2023 03:16,SDO-APAC,Incident,OU Failure,NEON-dX@H3I (Incident): marathon app '/neon/apps/dk/ostrich-uploader' failed,09:02:29, ,
15-09-2023 13:04,SDO-APAC,Incident,CB-Task failed,NEON-dX@H3I(Incident):marathon app '/neon/apps/platform/conveyor-belt' failed,09:43:41, ,
15-09-2023 15:56,Service Desk,Incident,Campaign Related Others,USSD Push not happening,00:14:41, ,
15-09-2023 16:22,SDO-APAC,Incident,BC Stuck,Neon DX H3I:USSD Push not happening,92:20:17, ,
15-09-2023 16:50,SDO-APAC,Incident,OU Failure,NEON-dX@H3I (Incident): marathon app '/neon/apps/dk/ostrich-uploader' failed,05:57:35, ,
16-09-2023 09:48,SDO-APAC,Incident,MR Job failed,NEON-dX@H3I (Incident):Failed MR Jobs,74:55:38, ,
16-09-2023 12:40,SDO-APAC,Incident,CB Failure,NEON-dX@H3I (Incident):marathon app '/neon/apps/platform/conveyor-belt' failed,71:58:07, ,
17-09-2023 09:11,SDO-APAC,Incident,OU Failure,NEON-dX@H3I (Incident): marathon app '/neon/apps/dk/ostrich-uploader' failed,51:31:47, ,
18-09-2023 03:03,SDO-APAC,Incident,Disk Space Issue,NEON-dX@H3I (Incident): Disk Space Exceed Alert,55:31:42, ,
18-09-2023 11:04,TAC-Systems,Request,Configuration,NEON-DX:H3I-Testbed: Idem Potency in API server deployment,07:51:29, ,
18-09-2023 15:37,Product-Support,Incident,Disk Space Issue,NEON-dX@H3I (Incident):Disk Space issue | /,21:19:56, ,
18-09-2023 16:55,TAC-Systems,Request,Data Extract,NEON-dX@H3I: TCP Dump request,24:03:00, ,
18-09-2023 18:42,SDO-APAC,Incident,Configuration,NEON-dX@H3I (Incident):IM Timeout mails not getting,18:00:57, ,
19-09-2023 13:12,SDO-APAC,Incident,Transport Failure,NEON-dX@H3I(Incident):marathon app '/neon/apps/platform/transport' failed,22:26:01, ,
19-09-2023 15:27,Product-Support,Request,Disk Space Issue,NEON-DX:H3I-Anamoly in ftp-archive disk space,72:45:45, ,
19-09-2023 16:31,SDO-APAC,Incident,OU Failure,NEON-dX@H3I (Incident): marathon app '/neon/apps/dk/ostrich-uploader' failed,19:52:33, ,
19-09-2023 19:11,SDO-APAC,Incident,Containers Failure,NEON-dX@H3I (Incident): marathon app '/neon/apps/dk/flyftp-processor' failed,17:12:24, ,
20-09-2023 08:06,SDO-APAC,Incident,Disk Space Issue,NEON-dX@H3I (Incident):Disk Space Issue on jarvis | /,04:16:17, ,
21-09-2023 05:49,Product-Support,Incident,FeatureBUG,NEON-DX:H3I-Program reports are 0,05:26:41, ,
21-09-2023 08:14,SDO-APAC,Incident,OU Failure,NEON-dX@H3I (Incident): marathon app '/neon/apps/dk/ostrich-uploader' failed,98:37:10, ,
21-09-2023 10:17,TAC-Systems,Request,Updates related,NEON-dX@H3i-Production || Update the VoltDB and VoltDB-DL Licenses,00:18:33, ,
21-09-2023 11:52,SDO-APAC,Incident,IM Request,Neon DX H3I:22 IM rule which has refresh time 5.30 AM still there rendering not started.,06:51:40, ,
21-09-2023 14:00,SDO-APAC,Incident,Disk Space Issue,NEON-dX@H3I(Incident):Disk Space Exceed Alert on jarvis,308:54:55, ,
21-09-2023 15:30,SDO-APAC,Incident,CB-Task failed,NEON-dX@H3I(Incident):marathon app '/neon/apps/platform/conveyor-belt' failed,91:21:37, ,
21-09-2023 16:34,TAC-Systems,Request,FeatureBUG,NEON-DX:H3I:Production:Renewal of Self-signed certificate,01:44:08, ,
21-09-2023 17:25,TAC-Systems,Request,Updates related,NEON-DX@H3I-testbed || VoltDB & VoltDB-DL License Updation,16:36:43, ,
22-09-2023 02:04,SDO-APAC,Incident,Disk Space Issue,NEON-dX@H3I (Incident): Disk Space Exceed Alert in  /,296:48:12, ,
22-09-2023 21:26,R&D Product Support,Incident,Fulfillment Failure,NEON-dX@H3I(Test Bed): Idempotency Test FFE server exception,116:06:50, ,
23-09-2023 06:22,SDO-APAC,Incident,Disk Space Issue,NEON-dX@H3I (Incident): Disk Space Exceed Alert | /usr/local,52:32:48, ,
23-09-2023 09:18,SDO-APAC,Incident,Disk Space Issue,NEON-dX@H3I (Incident): Disk Space Exceed Alert | /ftp-archive,154:13:44, ,
24-09-2023 13:45,SDO-APAC,Problem,Campaign Related Others,Neon DX H3I: Reward not being pushed for IM Campaigns,27:21:33, ,
25-09-2023 09:51,SDO-APAC,Request,List Upload,Neon DX H3I: Customer List Request Reset,01:04:10, ,
25-09-2023 11:53,SDO-APAC,Request,IM Tool Issues,Neon DX H3I:share the authkey and API.,00:38:01, ,
25-09-2023 13:12,SDO-APAC,Request,Trigger Related Issue,H3I NeonDX| Real time trigger Issue,102:15:34, ,
25-09-2023 14:00,SDO-APAC,Incident,CB Failure,NEON-dX@H3I (Incident): marathon app '/neon/apps/platform/conveyor-belt' failed,03:13:05, ,
25-09-2023 14:34,SDO-APAC,Request,List Upload,Neon DX H3I: Customer List Request Reset,01:12:23, ,
25-09-2023 16:44,Product-Support,Request,Configuration,NEON-DX:H3I-API containers in waiting state,05:46:37, ,
25-09-2023 17:56,SDO-APAC,Request,List Upload,Neon DX H3I:  Customer lists upload request,01:26:05, ,
25-09-2023 18:31,SDO-APAC,Incident,OU Failure,NEON-dX@H3I (Incident): marathon app '/neon/apps/dk/ostrich-uploader' failed,41:12:16, ,
25-09-2023 18:51,SDO-APAC,Request,List Upload,H3I @NeonDX| List Upload,03:53:10, ,
26-09-2023 07:14,SDO-APAC,Incident,Containers Failure,NEON-dX@H3I (Incident): marathon app '/neon/apps/platform/transport-2' failed,28:28:07, ,
26-09-2023 15:55,Product-Support,Request,Data Extract,NEON-dX@H3I: High event growth number,00:09:13, ,
26-09-2023 19:32,SDO-APAC,Request,Environment Issue,NEON-DX:H3I: Timeouts | hardware checks,Yet to be Closed, ,
27-09-2023 10:00,SDO-APAC,Request,List Upload,Neon DX H3I: Customer List Request Reset,01:42:00, ,
27-09-2023 10:32,IT-Infra,Request,OTRS User ID Creation/Rights,Can't Login to OTRS,50:59:16, ,
27-09-2023 11:59,SDO-APAC,Request,Conversion Delay,Neon DX H3I:Learning Management System (LMS) for mentioned below ID and share with us.,217:03:24, ,
27-09-2023 17:51,SDO-APAC,Incident,MR Job failed,NEON-dX@H3I (Incident):Failed MR Jobs,49:41:53, ,
27-09-2023 23:58,SDO-APAC,Incident,Disk Space Issue,NEON-dX@H3I(Incident):Disk Space Exceed Alert on jarvis,154:55:49, ,
29-09-2023 08:14,SDO-APAC,Request,List Upload,Neon DX H3I: Customer List Request Reset,11:13:56, ,
29-09-2023 13:57,SDO-APAC,Incident,CB-Task failed,NEON-dX@H3I(Incident):marathon app '/neon/apps/platform/conveyor-belt' failed,05:37:07, ,
29-09-2023 19:10,SDO-APAC,Request,List Upload,H3I Neon dx | List Upload,111:45:30, ,
30-09-2023 02:23,SDO-APAC,Incident,Configuration,NEON-dX@H3I (Incident): Failed MR Job | Stale service removal,104:33:34, ,
30-09-2023 02:26,SDO-APAC,Incident,Disk Space Issue,NEON-dX@H3I (Incident): Disk Space Exceed Alert | /ftp-archive,104:28:06, ,
30-09-2023 13:48,SDO-APAC,Incident,CB-Task failed,NEON-dX@H3I (Incident):marathon app '/neon/apps/platform/conveyor-belt' failed,93:09:43, ,
30-09-2023 16:13,SDO-APAC,Incident,OU Failure,NEON-dX@H3I (Incident): marathon app '/neon/apps/dk/ostrich-uploader' failed,90:45:42, ,
30-09-2023 19:03,SDO-APAC,Incident,High queue count,NEON-dX@H3I (Incident): High Queue Count,87:59:09, ,
02-10-2023 09:28,SDO-APAC,Request,List Upload,Neon DX H3I: Customer List Request Reset,49:55:18, ,
03-10-2023 10:22,SDO-APAC,Request,Data Extract,NEON-dX@H3I || Persona Model Execution ||OCT'2023,147:44:50, ,
03-10-2023 15:04,SDO-APAC,Request,List Upload,Neon DX H3I: Customer List Request Reset,20:20:21, ,
03-10-2023 16:12,Product-Support,Request,Messaging Issue,NEON-dX@H3I: IM Timeout issue,1529:58:31, ,
04-10-2023 02:53,Product-Support,Incident,Disk Space Issue,NEON-dX@H3I (Incident): Disk Space Exceed Alert | /usr/local,10:02:52, ,
04-10-2023 03:15,SDO-APAC,Incident,Configuration,NEON-dX@H3I (Incident): marathon app '/neon/apps/dk/flyftp-processor' failed,07:44:24, ,
04-10-2023 08:17,SDO-APAC,Request,List Upload,Neon DX H3I: Customer List Request Reset,03:04:34, ,
04-10-2023 10:38,SDO-APAC,Request,UCG Base,Neondx @ H3I| OCT UCG Model Run,294:43:22, ,
04-10-2023 11:30,SDO-APAC,Incident,OU Failure,NEON-dX@H3I (Incident):marathon app '/neon/apps/dk/ostrich-uploader' failed,29:25:07, ,
04-10-2023 17:12,SDO-APAC,Request,Trigger Creation,H3I Neon DX|,00:15:51, ,
04-10-2023 18:04,Product-Support,Request,FFE Failed,NEON-dX@H3I(Test Bed): Idempotency FF error,217:23:45, ,
05-10-2023 02:33,SDO-APAC,Incident,Disk Space Issue,NEON-dX@H3I(Incident):Disk Space Exceed Alert |  ftp-archive on jarvis,10:20:20, ,
05-10-2023 14:45,SDO-APAC,Incident,CB-Task failed,NEON-dX@H3I(Incident):marathon app '/neon/apps/platform/conveyor-belt' failed,02:09:24, ,
05-10-2023 18:02,SDO-APAC,Incident,OU Failure,NEON-dX@H3I(Incident):marathon app '/neon/apps/dk/ostrich-uploader' failed,19:01:30, ,
05-10-2023 18:21,SDO-APAC,Incident,Disk Space Issue,NEON-dX@H3I(Incident):Disk Space Exceed Alert on jarvis,18:45:04, ,
06-10-2023 12:36,TAC-Systems,Request,Script requirements,NEON-DX:H3I-TESTBED:Installtion of additional package,142:08:28, ,
06-10-2023 14:01,SDO-APAC,Incident,CB Failure,NEON-dX@H3I (Incident):marathon app '/neon/apps/platform/conveyor-belt' failed,72:06:13, ,
06-10-2023 20:55,SDO-APAC,Incident,Disk Space Issue,NEON-dX@H3I(Incident):Disk Space Exceed Alert |  / has used up 92% of space,85:24:08, ,
07-10-2023 02:34,SDO-APAC,Incident,Disk Space Issue,NEON-dX@H3I (Incident): Disk Space Exceed Alert | /ftp-archive,63:26:55, ,
07-10-2023 17:14,SDO-APAC,Incident,OU Failure,NEON-dX@H3I (Incident): marathon app '/neon/apps/dk/ostrich-uploader' failed,44:54:31, ,
09-10-2023 08:18,SDO-APAC,Incident,Disk Space Issue,NEON-dX@H3I (Incident): Disk Space Exceed Alert | /ftp-live on jarvis,09:56:53, ,
09-10-2023 18:42,SDO-APAC,Incident,OU Failure,NEON-dX@H3I (Incident): marathon app '/neon/apps/dk/ostrich-uploader' failed,15:38:00, ,
09-10-2023 19:39,SDO-APAC,Request,List Upload,Neon DX H3I:  Customer lists upload request,14:47:11, ,
10-10-2023 11:46,SDO-APAC,Incident,CB-Task failed,NEON-dX@H3I(Incident):marathon app '/neon/apps/platform/conveyor-belt' failed,28:55:49, ,
10-10-2023 15:19,SDO-APAC,Incident,Disk Space Issue,NEON-dX@H3I(Incident):Disk Space Exceed Alert on jarvis,167:59:20, ,
10-10-2023 16:25,SDO-APAC,Incident,Campaign Related Others,Neon DX H3I:  MSISDN only get offer from 1 Rule ID  should be get offer from 2 Rules IDs,168:59:10, ,
10-10-2023 17:04,Product-Support,Request,Disk Space Issue,NEON-dX@H3I(Test Bed): Diskspace issue,19:01:48, ,
10-10-2023 17:15,SDO-APAC,Request,List Upload,Neon DX H3I:  Customer lists upload request,18:28:48, ,
10-10-2023 18:39,Product-Support,Request,Disk Space Issue,NEON-dX@H3I(Test Bed): Node2 Diskspace issue,19:41:48, ,
10-10-2023 18:40,Product-Support,Request,Disk Space Issue,NEON-dX@H3I(Test Bed): Node2 Diskspace issue,19:41:13, ,
11-10-2023 00:49,SDO-APAC,Request,Reports,H3I @ NeonDX| Reporting Issue,45:16:08, ,
11-10-2023 01:37,Product-Support,Incident,Reports,H3I @ NeonDX| Reporting Issue,127:59:30, ,
11-10-2023 09:51,SDO-APAC,Request,Trigger Creation,NeonDX @H3I | Realtime Streaming Attribute Creation,31:37:48, ,
11-10-2023 10:13,Product-Support,Incident,Reports,NEON-DX:H3I-UI report is not correct,03:28:14, ,
11-10-2023 13:37,SDO-APAC,Request,List Upload,Neon DX H3I: Customer List Request Reset,02:55:39, ,
12-10-2023 02:44,SDO-APAC,Incident,Disk Space Issue,NEON-dX@H3I(Incident):Disk Space Exceed Alert |  ftp-archive on jarvis,14:44:21, ,
12-10-2023 09:34,Product-Support,Request,CPU utilization,NEON-DX:H3I(Testbed): Disk space issue,00:59:55, ,
12-10-2023 10:52,Product-Support,Request,API Cache Refresh,NEON-DX:H3I(Testbed) containers are getting restarted,01:56:19, ,
12-10-2023 16:18,SDO-APAC,Request,IM Request,H3I @ NeonDX| Increase Grace Period Time,97:02:31, ,
12-10-2023 17:23,SDO-APAC,Request,Memory Issue,NEON-DX:H3I(Testbed) :API bifurcation | trigger issue,95:55:27, ,
12-10-2023 17:44,SDO-APAC,Incident,MR Job failed,NEON-dX@H3I (Incident):Failed MR Jobs,20:25:31, ,
13-10-2023 11:30,SDO-APAC,Request,List Upload,Neon DX H3I: Customer List Request Reset and Upload List,03:36:43, ,
13-10-2023 11:51,SDO-APAC,Incident,Disk Space Issue,NEON-dX@H3I (Incident): Disk Space Exceed Alert,01:35:23, ,
13-10-2023 11:55,SDO-APAC,Incident,OU Failure,NEON-dX@H3I (Incident):marathon app '/neon/apps/dk/ostrich-uploader' failed,01:31:54, ,
13-10-2023 18:19,SDO-APAC,Incident,OU Failure,NEON-dX@H3I (Incident): Failed MR Jobs | OU failed,71:06:32, ,
14-10-2023 06:20,Product-Support,Incident,CB Failure,NEON-DX:H3I-CB in stuck state,02:33:50, ,
14-10-2023 09:05,Product-Support,Problem,CB Failure,NEON-DX:H3I-CB in stuck state,121:39:12, ,
14-10-2023 17:51,SDO-APAC,Incident,Trigger Related Issue,NEON-dX@H3I: Bima Pop up offers not reflecting,47:28:21, ,
15-10-2023 07:29,SDO-APAC,Incident,Transport Failure,NEON-dX@H3I (Incident): marathon app '/neon/apps/platform/transport-2' failed,33:55:18, ,
15-10-2023 12:25,SDO-APAC,Incident,CB-Task failed,NEON-dX@H3I (Incident): marathon app '/neon/apps/platform/conveyor-belt' failed,28:59:04, ,
15-10-2023 16:42,SDO-APAC,Incident,OU Failure,NEON-dX@H3I (Incident): marathon app '/neon/apps/dk/ostrich-uploader' failed,24:43:12, ,
16-10-2023 08:44,SDO-APAC,Request,List Upload,Neon DX H3I: Customer List Request Reset,08:39:41, ,
16-10-2023 11:04,Product-Support,Incident,Messaging Issue,NEON-dX@H3I: Time out Issue during 10am to 11am and high CB run time,269:22:07, ,
16-10-2023 20:01,SDO-APAC,Incident,Disk Space Issue,NEON-dX@H3I (Incident):Disk Space Issue on Jarvis | /,41:00:25, ,
16-10-2023 20:12,SDO-APAC,Incident,High queue count,NEON-dX@H3I (Incident):High Queue count,40:50:31, ,
17-10-2023 06:38,SDO-APAC,Incident,OU Failure,NEON-dX@H3I(incident): marathon app '/neon/apps/dk/ostrich-uploader' failed,30:24:48, ,
17-10-2023 11:31,SDO-APAC,Incident,Campaign Related Others,Neon DX H3I: Rita transaction is captured but no fulillment happened,220:58:28, ,
17-10-2023 12:18,SDO-APAC,Incident,CB-Task failed,NEON-dX@H3I (Incident): marathon app '/neon/apps/platform/conveyor-belt' failed,24:45:58, ,
17-10-2023 17:16,TAC-Systems,Request,System User ID Creation (Putty Access),NEON-dX@H3I(Test Bed): Password Expired,00:10:43, ,
18-10-2023 02:55,SDO-APAC,Incident,Disk Space Issue,NEON-dX@H3I (Incident): Disk Space Exceed Alert | /ftp-archive on jarvis,10:18:55, ,
18-10-2023 09:08,SDO-APAC,Request,List Upload,Neon DX H3I: Customer List Request Reset,03:51:41, ,
18-10-2023 11:34,Product-Support,Incident,Campaign Related Others,Ticket Created: Neon DX H3I: Transaction is captured but no fulillment happened 20231018,Yet to be Closed, ,
18-10-2023 15:04,SDO-APAC,Request,Data Extract,Neon DX H3I: DWH and report and IWB count is not matching,1227:26:51, ,
18-10-2023 16:16,SDO-APAC,Request,KPI Related Requests,H3I NeonDX | USSAGE METRICS CREATION,24:42:48, ,
19-10-2023 01:19,SDO-APAC,Incident,Disk Space Issue,NEON-dX@H3I (Incident):Disk Space Exceed Alert,34:43:07, ,
19-10-2023 12:25,SDO-APAC,Request,Churn Job Related,Neon DX H3I: Customer lists upload request,23:36:20, ,
19-10-2023 14:39,SDO-APAC,Incident,OU Failure,NEON-dX@H3I (Incident): marathon app '/neon/apps/dk/ostrich-uploader' failed,20:51:56, ,
19-10-2023 21:12,Product-Support,Incident,CB Failure,NEON-DX:H3I-CB in stuck state,00:47:59, ,
20-10-2023 11:31,SDO-APAC,Request,IM Request,H3I NeonDX| AUTH Key Creation Test BED,00:10:38, ,
20-10-2023 12:47,SDO-APAC,Incident,CB-Task failed,NEON-dX@H3I (Incident): marathon app '/neon/apps/platform/conveyor-belt' failed,107:25:51, ,
20-10-2023 17:17,SDO-APAC,Request,KPI Related Requests,Neon DX H3I: Request to reset and reupload value for metric CBP_Daily_Arpu,1102:12:23, ,
20-10-2023 18:15,SDO-APAC,Request,KPI Related Requests,Neon DX H3I: Remove added value on existing file,53:28:42, ,
21-10-2023 07:36,SDO-APAC,Incident,Disk Space Issue,NEON-dX@H3I (Incident): Disk Space Exceed Alert | /ftp-archive,40:08:37, ,
21-10-2023 09:14,SDO-APAC,Incident,FeatureBUG,NEON-dX@H3I (Incident): marathon app '/neon/apps/dk/ostrich-uploader' failed,48:32:13, ,
22-10-2023 18:07,SDO-APAC,Incident,Disk Space Issue,NEON-dX@H3I (Incident): Disk Space Exceed Alert in  /,54:07:04, ,
23-10-2023 10:31,SDO-APAC,Incident,Disk Space Issue,NEON-dX@H3I (Incident): Disk Space Exceed Alert | /ftp-archive on jarvis,173:56:03, ,
23-10-2023 12:05,SDO-APAC,Incident,OU Failure,NEON-dX@H3I (Incident): marathon app '/neon/apps/dk/ostrich-uploader' failed,34:41:56, ,
23-10-2023 12:24,TAC-Systems,Request,Disk Space Issue,NEON-dX@H3I: Disk Space usage wrongly showing,69:11:00, ,
23-10-2023 16:09,SDO-APAC,Request,Data Job Configuration,Neon DX H3I:New Streaming attribute required_IOH_Gamificaiton Mission join,331:53:54, ,
23-10-2023 23:18,Product-Support,Request,OU Failure,NEON-dX@H3I: CBP_ARPU_DAILY_substr backfilling,65:55:41, ,
24-10-2023 14:49,Product-Support,Request,Conveyor belt related other,NEON-dX@H3I: CB stuck,06:37:09, ,
24-10-2023 15:16,SDO-APAC,Request,List Upload,Neon DX H3I: Customer List Request Reset,18:24:00, ,
24-10-2023 23:25,SDO-APAC,Incident,API Failed,NEON-dX@H3I (Incident): marathon app '/neon/apps/platform/api-server-post' is still failing,35:28:38, ,
24-10-2023 23:37,Product-Support,Incident,API Failed,NEON-DX:H3I-Post API restart issue,61:11:23, ,
25-10-2023 03:43,SDO-APAC,Incident,OU Failure,NEON-dX@H3I (Incident):marathon app '/neon/apps/dk/ostrich-uploader' failed,31:12:15, ,
25-10-2023 05:46,Service Desk,Incident,API Failed,H3I | API Request High latency and Failure,00:08:59, ,
25-10-2023 06:06,Product-Support,Incident,API Failed,NEON-dX@H3I :: API Request High latency and Failure,02:12:34, ,
25-10-2023 08:46,Product-Support,Problem,API Exeption,NEON-dX@H3I(Problem): API Request High latency and Failure,Yet to be Closed, ,
25-10-2023 11:31,SDO-APAC,Incident,API Failed,NEON-dX@H3I (Incident): marathon app '/neon/apps/platform/api-server' failed,23:26:09, ,
25-10-2023 11:33,SDO-APAC,Incident,Transport Failure,NEON-dX@H3I (Incident): marathon app '/neon/apps/platform/transport-3' failed,23:23:58, ,
25-10-2023 12:00,TAC-Systems,Request,Configuration,NEON-DX:H3I(Testbed) user creation request,337:31:47, ,
25-10-2023 12:10,Product-Support,Incident,Conveyor belt related other,NEON-DX:H3I-CB in stuck state,00:55:40, ,
26-10-2023 09:42,Product-Support,Incident,API Cache Refresh,NEON-DX:H3I:Get offer timeout issue,29:41:25, ,
26-10-2023 09:54,SDO-APAC,Request,List Upload,Neon DX H3I: Customer List Request Reset,00:53:39, ,
27-10-2023 10:12,Product-Support,Incident,API Cache Refresh,NEON-DX:H3I-High get offer timeouts,Yet to be Closed, ,
27-10-2023 14:46,IT-Infra,Request,CRM User ID Creation,Neon DX H3I: Reset Harry Efrin's OTRS Ticket access,67:40:37, ,
27-10-2023 15:09,SDO-APAC,Request,List Upload,Neon DX H3I: Customer List Request Reset,27:49:38, ,
27-10-2023 15:42,Product-Support,Request,Fulfillment Related Others,Neon DX H3I: Rita transaction is captured but no fulillment happened,788:00:09, ,
27-10-2023 16:13,SDO-APAC,Incident,Disk Space Issue,NEON-dX@H3I (Incident): Disk Space Exceed Alert,00:17:01, ,
27-10-2023 18:31,SDO-APAC,Incident,OU Failure,NEON-dX@H3I (Incident): marathon app '/neon/apps/dk/ostrich-uploader' failed,24:28:28, ,
27-10-2023 19:35,SDO-APAC,Request,List Upload,Neon DX H3I: Customer Upload List Request,23:23:41, ,
27-10-2023 19:49,SDO-APAC,Incident,List Upload,Neon DX H3I: Based uploaded count is not match with file uploaded count,23:07:24, ,
28-10-2023 08:22,SDO-APAC,Request,Campaign Related Others,Neon DX H3I:Offers displaying to Ineligible customers,965:02:27, ,
28-10-2023 15:06,SDO-APAC,Incident,CPU utilization,NEON-dX@H3I(Incident):Disk Space Exceed Alert |  ftp-archive on jarvis,49:17:47, ,
28-10-2023 19:14,SDO-APAC,Incident,DK Failed,NEON-dX@H3I(Incident):Disk Space Exceed Alert on jarvis,74:24:49, ,
28-10-2023 22:27,SDO-APAC,Incident,CPU utilization,NEON-dX@H3I (Incident):Docker Container Alerts - node3,71:18:09, ,
28-10-2023 22:38,Product-Support,Request,CPU utilization,NEON-dX@H3I: CPU% high in node3,00:16:59, ,
29-10-2023 17:53,SDO-APAC,Incident,OU Failure,NEON-dX@H3I (Incident): marathon app '/neon/apps/dk/ostrich-uploader' failed,51:40:43, ,
30-10-2023 09:47,SDO-APAC,Incident,Disk Space Issue,NEON-dX@H3I (Incident):Disk Space Exceed Alert,35:51:09, ,
30-10-2023 09:49,SDO-APAC,Incident,OU Failure,NEON-dX@H3I (Incident):marathon app '/neon/apps/dk/ostrich-uploader' failed,35:43:27, ,
30-10-2023 16:49,SDO-APAC,Request,List Upload,Neon DX H3I: Customer List Request Reset,28:50:46, ,
30-10-2023 17:30,SDO-APAC,Request,List Upload,Neon DX H3I:  Customer lists upload request,02:02:35, ,
30-10-2023 21:31,SDO-APAC,Request,List Upload,Neon DX H3I: Customer lists upload request,24:10:48, ,
31-10-2023 00:26,Service Desk,Incident,CPU utilization,NEON-dX@Hutch(Incident): Docker Alerts (High resource utilization),82:25:21, ,
31-10-2023 11:57,SDO-APAC,Incident,CB-Task failed,NEON-dX@H3I (Incident): marathon app '/neon/apps/platform/conveyor-belt' failed,09:37:26, ,
31-10-2023 12:15,SDO-APAC,Request,NEON User ID Creation,Neon DX H3I: Neon-DX user creation,09:26:33, ,
01-11-2023 11:15,TAC-Systems,Request,Deployment related,NEON-DX:H3I:CR deployment | Application Log Backup,06:24:41, ,
01-11-2023 11:58,Product-Support,Request,CPU utilization,NEON-DX:H3I-Disk space |Testbed containers in waiting state,08:28:42, ,
01-11-2023 12:14,Product-Support,Request,Disk Space Issue,NEON-dX@H3I(Test Bed): Diskspace issue,03:17:41, ,
01-11-2023 15:21,SDO-APAC,Request,Data Extract,NEON-dX@H3I || Persona Model Execution ||NOV'2023,242:08:49, ,
01-11-2023 15:32,Product-Support,Request,RTE Related Others,NEON-dX@H3I: Rte queue pile up,18:47:21, ,
01-11-2023 16:19,SDO-APAC,Request,Trigger Related Issue,Neon DX H3I: Trigger Issue needed to restart RTE and API to resolve it,07:42:14, ,
01-11-2023 17:31,SDO-APAC,Incident,Disk Space Issue,NEON-dX@H3I (Incident):Disk Space issue | / & /ftp-archive,119:12:03, ,
02-11-2023 18:55,Product-Support,Request,Messaging Issue,NEON-dX@H3I: Time out issue,Yet to be Closed, ,
02-11-2023 19:00,SDO-APAC,Incident,Disk Space Issue,NEON-dX@H3I (Incident): Disk Space Exceed Alert,00:07:32, ,
03-11-2023 00:03,SDO-APAC,Incident,CB Failure,NEON-dX@H3I (Incident):Conveyor-Belt failed on jarvis,00:07:00, ,
03-11-2023 02:55,SDO-APAC,Incident,Disk Space Issue,NEON-dX@H3I (Incident): Disk Space Exceed Alert | /ftp-archive on jarvis,85:49:06, ,
03-11-2023 05:54,SDO-APAC,Incident,OU Failure,NEON-dX@H3I (Incident): marathon app '/neon/apps/dk/ostrich-uploader' failed,78:00:19, ,
03-11-2023 09:19,SDO-APAC,Request,List Upload,Neon DX H3I: Customer List Request Reset,07:56:40, ,
03-11-2023 12:17,SDO-APAC,Request,NEON User ID Creation,[Ticket#20231031000381] Neon DX H3I: Neon-DX user creation,51:09:07, ,
03-11-2023 13:44,Service Desk,Request,Campaign Related Others,Neon DX H3I: Touchpoint refresh issue?,Yet to be Closed, ,
04-11-2023 11:59,Product-Support,Request,Reports,Neon DX H3I: Revenue captured less on 1 November 2023,1079:14:42, ,
04-11-2023 12:07,SDO-APAC,Incident,CB Failure,NEON-dX@H3I (Incident):Conveyor-Belt failed on node16,45:19:38, ,
05-11-2023 10:38,SDO-APAC,Request,List Upload,Neon DX H3I: Customer List Request Reset,22:47:17, ,
06-11-2023 03:38,SDO-APAC,Incident,Disk Space Issue,NEON-dX@H3I (Incident): Disk Space Exceed Alert | /data/backup,05:44:48, ,
06-11-2023 08:50,SDO-APAC,Request,List Upload,Neon DX H3I: Customer List Request Reset,00:35:41, ,
06-11-2023 14:59,SDO-APAC,Incident,Disk Space Issue,NEON-dX@H3I (Incident):Disk Space Issue | /ftp-live on jarvis,31:06:24, ,
06-11-2023 15:02,SDO-APAC,Request,List Upload,Neon DX H3I:  Customer lists upload request,02:52:41, ,
06-11-2023 18:41,SDO-APAC,Incident,OU Failure,NEON-dX@H3I (Incident): marathon app '/neon/apps/dk/ostrich-uploader' failed,37:16:53, ,
06-11-2023 18:55,SDO-APAC,Incident,Disk Space Issue,NEON-dX@H3I (Incident):Disk Space Exceed Alert | / on jarvis,46:17:48, ,
06-11-2023 19:02,SDO-APAC,Request,CB Failure,NEON-dX@H3I: CB failing daily and IM needs to be re rendered,717:38:32, ,
06-11-2023 20:00,SDO-APAC,Request,List Upload,Neon DX H3I:  Customer lists upload request,45:13:57, ,
07-11-2023 03:06,SDO-APAC,Incident,Disk Space Issue,NEON-dX@H3I (Incident): Disk Space Exceed Alert | /ftp-archive,38:08:29, ,
07-11-2023 05:16,SDO-APAC,Incident,CB-Task failed,NEON-dX@H3I (Incident): marathon app '/neon/apps/platform/conveyor-belt' failed,31:57:38, ,
07-11-2023 13:59,SDO-APAC,Request,Fulfillment Related Others,Neon DX H3I:  Rita transaction  no fulillment happened (Test Bed),52:17:41, ,
07-11-2023 14:49,SDO-APAC,Request,IM Request,H3I NeonDX| AUTH Key Creation Test BED,22:23:46, ,
07-11-2023 15:52,SDO-APAC,Request,List Upload,Neon DX H3I: Customer List Request Reset,22:41:24, ,
07-11-2023 16:14,Engineering-Extension,Incident,Bug,NEON-DX:H3I-Error while running persona model,01:17:14, ,
07-11-2023 16:53,SDO-APAC,Request,Fulfillment Failure,NEON-dX@H3I(Test Bed): Fulfilment not happening,716:44:20, ,
07-11-2023 18:24,SDO-APAC,Request,List Upload,H3I @ NeonDX| List Upload,01:58:21, ,
08-11-2023 04:59,SDO-APAC,Incident,CB-Task failed,NEON-dX@H3I (Incident): marathon app '/neon/apps/platform/conveyor-belt' failed,09:32:58, ,
08-11-2023 07:58,Product-Support,Request,Acknowledgement Related,NEON-dX@H3I: Old offers reflecting to customer,147:54:18, ,
08-11-2023 08:31,SDO-APAC,Request,List Upload,NeonDx @ H3I| List Upload,05:03:25, ,
08-11-2023 14:59,SDO-APAC,Request,List Upload,Neon DX H3I: Customer List Request Reset and Upload,05:39:20, ,
08-11-2023 17:33,SDO-APAC,Incident,Disk Space Issue,NEON-dX@H3I (Incident): Disk Space Exceed Alert | /ftp-archive,42:30:06, ,
09-11-2023 01:59,SDO-APAC,Incident,CB-Task failed,NEON-dX@H3I (Incident):Conveyor-Belt failed,16:18:08, ,
09-11-2023 09:09,SDO-APAC,Incident,OU Failure,NEON-dX@H3I (Incident):marathon app '/neon/apps/dk/ostrich-uploader' is still failing,09:05:43, ,
09-11-2023 11:20,Product-Support,Request,Disk Space Issue,NEON-dX@H3I(Test Bed): Diskspace issue,02:36:53, ,
09-11-2023 14:47,SDO-APAC,Incident,SMTP Failure,NEON-dX@H3I (Incident):IM & CB related mail alerts are not receiving,03:10:27, ,
09-11-2023 15:00,SDO-APAC,Request,IA Job Stuck,Neon DX H3I: Not able to run IAJ,03:22:22, ,
09-11-2023 18:38,SDO-APAC,Incident,Disk Space Issue,NEON-dX@H3I (Incident):Disk Space Issue on jarvis | /,110:52:04, ,
10-11-2023 09:12,SDO-APAC,Request,List Upload,Neon DX H3I: Customer List Request Reset,37:30:57, ,
10-11-2023 11:50,SDO-APAC,Incident,MR Job failed,NEON-dX@H3I(Incident):marathon app '/neon/apps/dk/ostrich-uploader' failed,29:46:59, ,
10-11-2023 11:57,SDO-APAC,Incident,CB-Task failed,NEON-dX@H3I(Incident):marathon app '/neon/apps/platform/conveyor-belt' failed,29:37:58, ,
10-11-2023 17:37,SDO-APAC,Incident,Disk Space Issue,NEON-dX@H3I (Incident):Disk space exceeded critical level on jarvis| /ftp-archive,24:06:52, ,
11-11-2023 02:16,SDO-APAC,Incident,Disk Space Issue,NEON-dX@H3I (Incident): Disk Space Exceed Alert | /data/backup,15:15:40, ,
11-11-2023 22:25,SDO-APAC,Incident,Disk Space Issue,NEON-dX@H3I (Incident):Disk Space Issue on Jarvis | /usr/local,00:16:07, ,
11-11-2023 23:03,SDO-APAC,Request,Disk Space Issue,NEON-dX@H3I: Diskspace issue,34:12:06, ,
11-11-2023 23:29,SDO-APAC,Incident,OU Failure,NEON-dX@H3I (Incident):marathon app '/neon/apps/dk/ostrich-uploader' failed,43:59:55, ,
12-11-2023 02:27,SDO-APAC,Incident,Disk Space Issue,NEON-dX@H3I (Incident): Disk Space Issue /data/backup,41:11:56, ,
12-11-2023 12:21,SDO-APAC,Incident,CB Failure,NEON-dX@H3I (Incident):marathon app '/neon/apps/platform/conveyor-belt' failed,31:18:42, ,
13-11-2023 08:34,SDO-APAC,Incident,CPU utilization,NEON-dX@H3I (Incident): Disk Space Exceed Alert on  /,24:59:14, ,
13-11-2023 10:12,SDO-APAC,Request,List Upload,Neon DX H3I: Customer List Request Reset,23:16:08, ,
13-11-2023 10:54,SDO-APAC,Request,IM Conversion Issue,Neon DX H3I: Impression count drop on 9Nov,337:55:56, ,
13-11-2023 12:50,SDO-APAC,Request,UCG Base,Neondx @ H3I| OCT UCG Model Run,70:51:27, ,
13-11-2023 15:36,TAC-Systems,Request,Reports,NEON-DX:H3I(testbed)- Hourly Report | CR - Empty Value Alert  Manual Backfill,24:01:31, ,
13-11-2023 18:34,SDO-APAC,Incident,Disk Space Issue,NEON-dX@H3I (Incident): Disk Space Exceed Alert | /ftp-archive on jarvis,14:57:33, ,
14-11-2023 09:06,SDO-APAC,Incident,OU Failure,NEON-dX@H3I (Incident): marathon app '/neon/apps/dk/ostrich-uploader' failed,03:21:59, ,
14-11-2023 09:43,SDO-APAC,Request,Disk Space Issue,NEON-dX@H3I: Diskspace issue,58:49:29, ,
14-11-2023 12:40,SDO-APAC,Incident,CB Failure,NEON-dX@H3I (Incident):marathon app '/neon/apps/platform/conveyor-belt' failed,02:11:57, ,
14-11-2023 16:44,SDO-APAC,Request,KPI Related Requests,Neon Dx @ H3I | New Profile Field Creation,25:26:45, ,
15-11-2023 02:59,SDO-APAC,Incident,Disk Space Issue,NEON-dX@H3I (Incident): Disk Space Exceed Alert,17:28:32, ,
15-11-2023 09:14,SDO-APAC,Request,List Upload,Neon DX H3I: Customer List Request Reset,11:12:42, ,
15-11-2023 12:20,SDO-APAC,Incident,CB-Task failed,NEON-dX@H3I (Incident): marathon app '/neon/apps/platform/conveyor-belt' failed,01:03:22, ,
15-11-2023 17:51,SDO-APAC,Request,IM Request,NeonDX @ H3I| AUTH Key Creation Production Environment,25:46:21, ,
15-11-2023 20:22,SDO-APAC,Incident,Disk Space Issue,NEON-dX@H3I: Diskspace issue,24:07:07, ,
16-11-2023 02:26,SDO-APAC,Incident,CPU utilization,NEON-dX@H3I(Incident):Disk Space Exceed Alert |  ftp-archive on jarvis,11:06:22, ,
16-11-2023 07:57,SDO-APAC,Incident,OU Failure,NEON-dX@H3I (Incident): marathon app '/neon/apps/dk/ostrich-uploader' failed,05:16:40, ,
16-11-2023 08:49,TAC-Systems,Request,Data Extract,NEON-DX:H3I(production):Total customer base,09:17:03, ,
16-11-2023 12:13,SDO-APAC,Incident,CB Failure,NEON-dX@H3I (Incident):marathon app '/neon/apps/platform/conveyor-belt' failed,00:59:24, ,
16-11-2023 14:27,TAC-Systems,Request,Updates related,NEON-DX:H3I(production): Version upgrade | pre-rerequisite check list,22:04:10, ,
16-11-2023 15:38,SDO-APAC,Request,Data Job Related Others,Neon DX H3I: CVM - USSD Push data request,95:37:04, ,
16-11-2023 17:11,SDO-APAC,Incident,Disk Space Issue,NEON-dX@H3I (Incident): Disk Space Exceed Alert in  /,24:13:56, ,
16-11-2023 17:26,SDO-APAC,Incident,OU Failure,NEON-dX@H3I (Incident): marathon app '/neon/apps/dk/ostrich-uploader' failed,24:01:33, ,
16-11-2023 19:48,TAC-Systems,Request,Disk Space Issue,NEONdX@H3I Production: Disable Syslog configuration,15:11:16, ,
16-11-2023 20:03,SDO-APAC,Request,Data Job Related Others,Neon DX H3I:   inactive base purging data request,88:59:56, ,
16-11-2023 20:51,SDO-APAC,Incident,Disk Space Issue,NEON-dX@H3I (Incident): Disk Space Exceed Alert | /ftp-archive,23:19:13, ,
17-11-2023 02:01,SDO-APAC,Incident,Disk Space Issue,NEON-dX@H3I (Incident):Disk Space Exceed Alert  | /data/backup on jarvis,15:25:22, ,
17-11-2023 08:50,SDO-APAC,Request,List Upload,Neon DX H3I: Customer List Request Reset,08:34:01, ,
17-11-2023 20:54,SDO-APAC,Incident,Disk Space Issue,NEON-dX@H3I (Incident): Disk Space Issue on /ftp-archive,54:29:59, ,
17-11-2023 22:33,TAC-Systems,Request,Data Extract,NEON-DX:H3I-Inactive base extraction,61:28:21, ,
18-11-2023 20:59,Product-Support,Incident,Campaign Related Others,Neon DX H3I: IM Campaigns status rendered on 17 Nov  but no impression coming on 18 Nov until it is get re-rendered,43:08:12, ,
19-11-2023 19:11,SDO-APAC,Incident,OU Failure,NEON-dX@H3I (Incident): marathon app '/neon/apps/dk/ostrich-uploader' failed,04:05:19, ,
20-11-2023 02:17,SDO-APAC,Incident,Disk Space Issue,NEON-dX@H3I (Incident): Disk Space Exceed Alert in  /,11:33:09, ,
20-11-2023 02:18,SDO-APAC,Incident,High queue count,NEON-dX@H3I (Incident): High Queue Count,10:56:40, ,
20-11-2023 02:34,SDO-APAC,Incident,API Failed,NEON-dX@H3I (Incident): marathon app '/neon/apps/platform/api-server-post' failed,10:43:49, ,
20-11-2023 09:53,SDO-APAC,Request,List Upload,Neon DX H3I: Customer List Request Reset,03:54:38, ,
20-11-2023 12:15,Product-Support,Request,Disk Space Issue,NEON-dX@H3I(Test Bed): Diskspace issue,29:33:03, ,
20-11-2023 12:27,SDO-APAC,Incident,CB Failure,NEON-dX@H3I (Incident):marathon app '/neon/apps/platform/conveyor-belt' failed,00:53:22, ,
20-11-2023 14:59,TAC-Systems,Request,Configuration,NEON-dX@H3I(Test Bed): Deployment of a new reward flow class for Gamification.,24:17:15, ,
20-11-2023 17:53,SDO-APAC,Incident,OU Failure,NEON-dX@H3I (Incident): marathon app '/neon/apps/dk/ostrich-uploader' failed,161:01:21, ,
21-11-2023 11:12,TAC-Systems,Request,Deployment related,NEON-DX (Testbed):H3I: Reward flow class deployment,04:33:57, ,
21-11-2023 11:56,SDO-APAC,Incident,CB-Task failed,NEON-dX@H3I(Incident):marathon app '/neon/apps/platform/conveyor-belt' failed,142:58:27, ,
21-11-2023 21:02,SDO-APAC,Incident,Disk Space Issue,NEON-dX@H3I (Incident): Disk Space Exceed Alert /ftp-archive,135:35:25, ,
22-11-2023 02:40,SDO-APAC,Incident,Disk Failure,NEON-dX@H3I (Incident):Disk Space Exceed Alert  / 95%,128:13:12, ,
22-11-2023 02:44,SDO-APAC,Incident,MR Job failed,NEON-dX@H3I (Incident):Failed MR Jobs (Stale service removal),130:01:14, ,
22-11-2023 10:09,SDO-APAC,Request,List Upload,Neon DX H3I: Customer List Request Reset,120:47:41, ,
22-11-2023 12:25,SDO-APAC,Request,Deployment related,H3I[TESTBED] :: APM- Agent installation & testing in CVM,1153:00:11, ,
22-11-2023 12:49,TAC-Systems,Request,System User ID Creation (Putty Access),NEON-DX:H3I(Production): User creation,04:44:26, ,
22-11-2023 13:53,TAC-Systems,Request,API Cache Refresh,NEON-DX:H3I(Testbed): access to ffe audit log,02:25:57, ,
22-11-2023 20:12,SDO-APAC,Request,List Upload,Neon DX H3I: Customer lists upload request,110:44:47, ,
22-11-2023 20:55,SDO-APAC,Incident,Disk Space Issue,NEON-dX@H3I (Incident): Disk Space Exceed Alert | /ftp-live,279:13:52, ,
23-11-2023 17:41,Product-Support,Incident,Configuration,NEON-dX@H3I (Incident):Multiple Failures  are getting,88:58:35, ,
23-11-2023 21:01,SDO-APAC,Request,List Upload,Neon DX H3I: Customer lists upload request,86:01:11, ,
24-11-2023 10:48,Service Desk,Incident,BC Related Others,PACK_ACTIVATION_EVENT is not showing for one MSISDN but showing for other MSISDN,00:06:15, ,
24-11-2023 12:57,Product-Support,Incident,Configuration,NEON-dX@H3I (Incident):Mysql Replication Alert,73:14:24, ,
24-11-2023 13:44,SDO-APAC,Request,List Upload,Neon DX H3I: Customer List Request Reset,69:06:45, ,
24-11-2023 14:56,SDO-APAC,Request,NEON User ID Creation,Neon DX H3I: Account Reset Password Request,67:56:07, ,
24-11-2023 15:01,SDO-APAC,Incident,Disk Space Issue,NEON-dX@H3I (Incident):Disk Space Issue | /var on node2,69:43:32, ,
24-11-2023 15:06,Service Desk,Request,Disk Space Issue,NEON-dX@H3I: Diskspace issue,07:23:00, ,
27-11-2023 09:15,SDO-APAC,Incident,Disk Space Issue,NEON-dX@H3I (Incident): Disk Space Exceed Alert | /usr/local,28:33:25, ,
27-11-2023 11:24,TAC-Systems,Request,Deployment related,NEON-dX@H3I: New reward flow class deployment for Gamification,06:20:17, ,
27-11-2023 12:14,SDO-APAC,Incident,CB-Task failed,NEON-dX@H3I (Incident): marathon app '/neon/apps/platform/conveyor-belt' failed,00:28:26, ,
27-11-2023 16:02,Service Desk,Request,DK Upload,CBP Arpu profile filed addition in existing dk job request,00:05:39, ,
27-11-2023 16:11,SDO-APAC,Request,DK Upload,Neon DX H3I: CBP Arpu profile filed addition in existing dk job request,01:22:34, ,
27-11-2023 16:38,Product-Support,Request,Dead Region Server Issues,NEON-dX@H3I: Hbase region server node 2 and node 3 down,01:42:12, ,
28-11-2023 06:43,Product-Support,Request,Dead Region Server Issues,NEON-dX@H3I: Hbase region server node1 down,00:29:57, ,
28-11-2023 08:31,SDO-APAC,Incident,FeatureBUG,NEON-dX@H3I (Incident): marathon app '/neon/apps/dk/ostrich-uploader' failed,02:34:02, ,
28-11-2023 11:55,SDO-APAC,Incident,Configuration,NEON-dX@H3I (Incident): TPS & IM timeout mail alerts are not receiving,26:19:25, ,
28-11-2023 12:10,SDO-APAC,Incident,CB-Task failed,NEON-dX@H3I (Incident): marathon app '/neon/apps/platform/conveyor-belt' failed,01:36:36, ,
28-11-2023 15:55,SDO-APAC,Request,List Upload,Neon DX H3I: Customer List Request Reset,25:19:00, ,
28-11-2023 16:41,SDO-APAC,Incident,Configuration,NEON-DX:H3I: Zepplin issue,21:30:00, ,
29-11-2023 09:14,SDO-APAC,Incident,Reports,Neon DX H3I: Reporting Issue - report blank since morning,04:56:49, ,
29-11-2023 09:34,SDO-APAC,Request,List Upload,Neon DX H3I: Customer List Request Reset,07:38:10, ,
29-11-2023 11:53,SDO-APAC,Request,List Upload,Ticket Created: Neon DX H3I: Customer List Request Reset,05:22:55, ,
29-11-2023 17:12,SDO-APAC,Incident,OU Failure,NEON-dX@H3I (Incident):marathon app '/neon/apps/dk/ostrich-uploader' failed,18:28:34, ,
30-11-2023 01:38,SDO-APAC,Incident,Campaign Related Others,NEON-dX@H3I (Incident):Out-Of-Trend IM Render Update | 30Nov,34:21:28, ,
30-11-2023 06:31,SDO-APAC,Incident,Disk Space Issue,NEON-dX@H3I (Incident):Disk Space Issue on jarvis | /,05:01:13, ,
30-11-2023 10:00,SDO-APAC,Incident,Hbase not working,NEON-dX@H3I (Incident):Inconsistency in HBase,96:30:38, ,
30-11-2023 10:14,SDO-APAC,Incident,Campaign Related Others,Neon DX H3I: IM Campaigns status rendered on 29 Nov  but no impression coming on 30 Nov,27:48:14, ,
30-11-2023 10:57,SDO-APAC,Incident,CB-Task failed,NEON-dX@H3I (Incident):marathon app '/neon/apps/platform/conveyor-belt' failed,24:30:24, ,
30-11-2023 11:01,Product-Support,Request,Disk Space Issue,NEON-dX@H3I: Diskspace issue,04:56:24, ,
30-11-2023 17:36,SDO-APAC,Request,IM Request,H3I Neondx || Auth key creation,18:18:47, ,
01-12-2023 09:50,TAC-Systems,Request,Dead Region Server Issues,NeondX@H3I: Production: Request to receive system based alerts to our mail ids,01:56:28, ,
01-12-2023 10:18,SDO-APAC,Request,List Upload,Neon DX H3I: Customer List Request Reset,01:08:41, ,
01-12-2023 10:31,SDO-APAC,Incident,OU Failure,NEON-dX@H3I (Incident): marathon app '/neon/apps/dk/ostrich-uploader' failed,01:24:41, ,
01-12-2023 13:51,Product-Support,Incident,Dead Region Server Issues,NEON-dX@H3I: Hbase region server node 6 down,00:38:30, ,
01-12-2023 15:14,SDO-APAC,Request,List Upload,Neon DX H3I: Customer List Request Reset,68:01:08, ,
01-12-2023 15:56,SDO-APAC,Request,Data Extract,NEON-dX@H3I || Persona Model Execution ||DEC'2023,122:38:20, ,
01-12-2023 16:11,SDO-APAC,Request,KPI Parameters not Updating,NEON-dX@H3I || Reset CBP Accumulator,45:00:29, ,
01-12-2023 18:23,SDO-APAC,Request,Data Job Related Others,NEON-dX@H3I || Updating CBP ARPU DAILY,01:18:59, ,
02-12-2023 12:20,SDO-APAC,Incident,Campaign Related Others,Neon DX H3I: Remaining TP Recommendation Drop Significantly,51:55:52, ,
02-12-2023 13:36,SDO-APAC,Incident,Rendering Related Others,Neon DX H3I: IM campaigns last refresh date is today but the next refresh date is also today on 3:00 am,00:48:48, ,
02-12-2023 13:58,SDO-APAC,Incident,CB Failure,NEON-dX@H3I (Incident):  marathon app '/neon/apps/platform/conveyor-belt' failed,44:26:20, ,
03-12-2023 12:29,SDO-APAC,Request,List Upload,Neon DX H3I: Customer Upload List Request,05:41:11, ,
03-12-2023 13:09,SDO-APAC,Incident,CB-Task failed,NEON-dX@H3I (Incident): marathon app '/neon/apps/platform/conveyor-belt' failed,21:17:26, ,
04-12-2023 03:07,SDO-APAC,Incident,Disk Space Issue,NEON-dX@H3I (Incident): Disk Space Exceed Alert | /ftp-archive on jarvis,08:05:19, ,
04-12-2023 07:05,SDO-APAC,Incident,OU Failure,NEON-dX@H3I (Incident):  marathon app '/neon/apps/dk/ostrich-uploader' failed,03:20:15, ,
04-12-2023 09:57,SDO-APAC,Incident,Transport Failure,NEON-dX@H3I (Incident): marathon app '/neon/apps/platform/transport-3' failed,00:29:53, ,
04-12-2023 11:57,SDO-APAC,Request,NEON User ID Creation,Neon DX H3I: Neon-DX Account Password Reset Request,00:08:57, ,
04-12-2023 12:14,SDO-APAC,Request,Oozie job,Neon DX H3I: Customer List Request Reset,02:57:50, ,
04-12-2023 12:17,SDO-APAC,Incident,CB Failure,NEON-dX@H3I (Incident):marathon app '/neon/apps/platform/conveyor-belt' failed,03:49:40, ,
04-12-2023 12:37,Product-Support,Incident,Messaging Issue,NEON-dX@H3I: Timeout issue,Yet to be Closed, ,
04-12-2023 15:18,SDO-APAC,Incident,Disk Space Issue,NEON-dX@H3I (Incident): Disk Space Exceed Alert | /ftp-archive,00:23:14, ,
04-12-2023 16:02,Product-Support,Request,Disk Space Issue,NEON-DX:H3I(Testbed) : Disk space issue,01:04:38, ,
04-12-2023 16:33,SDO-APAC,Incident,Reports,Neon DX H3I: SMS Revenue from Hourly report received multiple times and not on hourly order,24:02:48, ,
04-12-2023 16:35,SDO-APAC,Incident,FeatureBUG,NEON-dX@H3I (Incident): marathon app '/neon/apps/dk/ostrich-uploader' failed,18:22:44, ,
04-12-2023 17:07,SDO-APAC,Request,Bug,Neon DX H3I: IM Campaigns run every 2 days  but we set it's run every day on configuration,43:05:45, ,
04-12-2023 17:16,Product-Support,Request,Bug,Neon DX H3I: IM Campaigns run every 2 days  but we set it's run every day on configuration,45:46:49, ,
04-12-2023 17:40,SDO-APAC,Incident,Configuration,NEON-DX:H3I: Hourly SMS reports are going mutilple times and jumbled way,96:54:58, ,
04-12-2023 18:59,SDO-APAC,Incident,Configuration,NEON-dX@H3I (Incident): Inconsistency in HBase,15:58:47, ,
04-12-2023 20:39,Product-Support,Request,Campaign Related Others,NEON-dX@H3I(Test Bed): RITA transaction issue,18:42:04, ,
05-12-2023 02:19,SDO-APAC,Incident,Disk Space Issue,NEON-dX@H3I (Incident):Disk Space Exceed Alert | /ftp-archive,09:18:51, ,
05-12-2023 17:07,SDO-APAC,Incident,Disk Space Issue,NEON-dX@H3I (Incident):Disk Space Exceed Alert | /ftp-archive,18:55:17, ,
05-12-2023 18:21,SDO-APAC,Incident,Configuration,NEON-dX@H3I (Incident):Inconsistency in HBase,17:11:57, ,
06-12-2023 06:27,SDO-APAC,Incident,CB Failure,NEON-dX@H3I (Incident):marathon app '/neon/apps/platform/conveyor-belt' failed,05:04:28, ,
06-12-2023 09:55,Product-Support,Incident,Campaign Related Others,Neon DX H3I: IMs campaigns set to start on 6 Dec but already showing impression and even fulfillment success on 5 Dec,Yet to be Closed, ,
06-12-2023 12:56,Product-Support,Request,Reports,NEON-dX@H3I: Hourly PM-IM Report showing incorrect data at 22nd hour,217:34:02, ,
06-12-2023 13:59,SDO-APAC,Request,List Upload,Neon DX H3I: Customer lists upload request,23:28:45, ,
06-12-2023 15:06,SDO-APAC,Incident,Disk Space Issue,NEON-dX@H3I (Incident):Disk space exceeded critical level on jarvis| /usr/local,22:01:49, ,
06-12-2023 15:08,SDO-APAC,Incident,OU Failure,NEON-dX@H3I (Incident):marathon app '/neon/apps/dk/ostrich-uploader' failed,21:59:05, ,
06-12-2023 17:02,Product-Support,Request,Disk Space Issue,NEON-dX@H3I: Diskspace issue,05:57:34, ,
07-12-2023 02:18,SDO-APAC,Incident,Disk Space Issue,NEON-dX@H3I (Incident):Disk Space Exceed Alert  / 98%,10:48:51, ,
07-12-2023 03:01,SDO-APAC,Incident,CB Failure,NEON-dX@H3I (Incident):marathon app '/neon/apps/platform/conveyor-belt' failed,10:04:37, ,
07-12-2023 07:18,SDO-APAC,Incident,Hbase not working,NEON-dX@H3I (Incident):Inconsistency in HBase,05:50:31, ,
07-12-2023 13:53,Product-Support,Incident,Dead Region Server Issues,NEON-dX@H3I: Hbase region server node 5 down,00:35:44, ,
07-12-2023 16:16,SDO-APAC,Request,List Upload,Neon DX H3I: Customer lists upload request,19:34:26, ,
07-12-2023 23:51,SDO-APAC,Incident,CB-Task failed,NEON-dX@H3I (Incident): marathon app '/neon/apps/platform/conveyor-belt' failed,11:53:23, ,
08-12-2023 02:40,SDO-APAC,Incident,Disk Space Issue,NEON-dX@H3I (Incident): Disk Space Exceed Alert in  /,09:08:26, ,
08-12-2023 10:03,SDO-APAC,Request,List Upload,Neon DX H3I: Customer lists upload request,01:47:30, ,
08-12-2023 12:25,SDO-APAC,Incident,CB Failure,NEON-dX@H3I (Incident):marathon app '/neon/apps/platform/conveyor-belt' failed,05:34:45, ,
08-12-2023 13:06,SDO-APAC,Request,List Upload,Neon DX H3I: Customer List Request Reset,05:41:40, ,
08-12-2023 15:13,SDO-APAC,Incident,Configuration,NEON-dX@H3I (Incident): Inconsistency in HBase,03:23:59, ,
08-12-2023 15:56,SDO-APAC,Incident,OU Failure,NEON-dX@H3I (Incident): marathon app '/neon/apps/dk/ostrich-uploader' failed,02:06:16, ,
08-12-2023 16:44,Service Desk,Request,IM Request,NEON-dX@H3I ||,00:02:59, ,
08-12-2023 17:27,SDO-APAC,Request,List Upload,Neon DX H3I: Customer lists upload request,01:06:41, ,
08-12-2023 21:04,SDO-APAC,Incident,Disk Space Issue,NEON-dX@H3I (Incident): Disk Space Exceed Alert | /ftp-archive,62:48:36, ,
09-12-2023 02:32,SDO-APAC,Incident,CPU utilization,NEON-dX@H3I (Incident) : Disk Space Exceed Alert    / has used up 98%,57:20:26, ,
09-12-2023 11:15,SDO-APAC,Incident,CB Failure,NEON-dX@H3I (Incident):marathon app '/neon/apps/platform/conveyor-belt' failed,36:24:06, ,
09-12-2023 11:16,SDO-APAC,Incident,OU Failure,NEON-dX@H3I (Incident):marathon app '/neon/apps/dk/ostrich-uploader' failed,48:15:48, ,
09-12-2023 19:18,Product-Support,Request,Messaging Issue,NEON-dX@H3I: High Get offer Time out,Yet to be Closed, ,
10-12-2023 02:58,SDO-APAC,Incident,Disk Space Issue,NEON-dX@H3I (Incident: Disk Space Issue on /,32:31:18, ,
11-12-2023 01:59,SDO-APAC,Incident,Fulfillment Related Others,NEON-dX@H3I (Incident): Queue Count Increasing,09:33:56, ,
11-12-2023 02:56,SDO-APAC,Incident,CB Failure,NEON-dX@H3I (Incident):Conveyor-Belt failed,08:31:41, ,
11-12-2023 10:05,SDO-APAC,Request,UCG Base,Neondx @ H3I| DEC UCG Model Run,97:50:19, ,
11-12-2023 12:23,SDO-APAC,Request,List Upload,Neon DX H3I: Customer List Request Reset,28:55:17, ,
11-12-2023 19:51,Product-Support,Incident,Messaging Issue,NEON-dX@H3I: High Get offer Time out,Yet to be Closed, ,
12-12-2023 13:32,SDO-APAC,Request,IM Request,H3I NeonDX| AUTH Key Creation Test BED,00:08:37, ,
13-12-2023 16:34,SDO-APAC,Request,List Upload,Neon DX H3I: Customer List Request Reset,17:59:01, ,
14-12-2023 09:12,Product-Support,Request,Disk Space Issue,NEON-dX@H3I(Test Bed): Diskspace issue,04:29:32, ,
15-12-2023 12:30,Product-Support,Incident,Environment Issue,NEON-dX@H3I :: Vulnerabilities Identified in Recent Security Assessment,71:18:36, ,
15-12-2023 13:12,Product-Support,Request,Deployment related,NEON-DX:H3I(Testbed): Rebuy API deployment,77:19:39, ,
15-12-2023 14:43,SDO-APAC,Request,IM Request,NEON-dX@H3I || USSD Get Offer API Port Changes,167:12:19, ,
15-12-2023 15:04,TAC-Systems,Request,Configuration,NEON-DX:H3I(Testbed): Permission to edit file,03:35:01, ,
15-12-2023 16:30,Product-Support,Incident,OU Failure,NEON-dX@H3I: OU is failing continuously and Data health report for today not updating,00:49:30, ,
15-12-2023 19:23,Product-Support,Request,Trigger Creation,NEON-dX@H3I: TPE not processing Trigger,Yet to be Closed, ,
15-12-2023 19:38,TAC-Systems,Request,Configuration,NEON-DX:H3I(Testbed):Port whitlist,00:25:46, ,
16-12-2023 10:19,Product-Support,Problem,OU Failure,NEON-dX@H3I: OU failure on 15th Dec RCA,244:35:47, ,
17-12-2023 17:07,Product-Support,Incident,Dead Region Server Issues,NEON-dX@H3I: Hbase region server node 9 down,17:11:19, ,
17-12-2023 17:26,Product-Support,Request,Disk Space Issue,NEON-dX@H3I: Diskspace issue,16:49:50, ,
18-12-2023 12:05,SDO-APAC,Request,List Upload,Neon DX H3I: Customer List Request Reset,03:03:21, ,
18-12-2023 15:33,Product-Support,Incident,Dead Region Server Issues,NEON-dX@H3I: Hbase region server node 3  node 4 and node 6 down,Yet to be Closed, ,
18-12-2023 16:56,Product-Support,Request,Messaging Issue,NEON-dX@H3I: High Get offer Time out,50:04:49, ,
19-12-2023 16:13,SDO-APAC,Request,List Upload,Neon DX H3I: Customer lists upload request,27:58:30, ,
19-12-2023 18:14,SDO-APAC,Request,Sender ID change,Neon DX H3I: Request create new sms Sender Id,21:07:45, ,
19-12-2023 23:29,Product-Support,Request,Reports,NEON-dX@H3I: Hourly report 22nd hour graphs shows a dip to Zero then get corrected at 23rd hour,12:04:22, ,
20-12-2023 11:11,SDO-APAC,Request,Trigger Creation,NEON-dX@H3I || Streaming Attribute Creation,142:22:42, ,
20-12-2023 16:36,Product-Support,Request,Trigger Related Issue,NEON-dX@H3I || Trigger Targeting issue,Yet to be Closed, ,
21-12-2023 12:12,SDO-APAC,Request,UI not Accessible,Neon-dx- Hutchison 3 IDN UI link is not working kindly help for the same,03:27:06, ,
22-12-2023 12:32,SDO-APAC,Request,List Upload,Neon DX H3I: Customer List Request Reset,03:09:49, ,
22-12-2023 18:33,SDO-APAC,Incident,Messaging Issue,NEON-dX@H3I: High Get offer Time out,Yet to be Closed, ,
26-12-2023 12:31,SDO-ZAIN,Request,Bug,NEON-dX@H3I :: CSR creation for identified vulnerabilities in security assessment,Yet to be Closed, ,
26-12-2023 14:18,Product-Support,Request,Configuration,NEON-dX@H3I(Test Bed): Provide nginx configuration,00:35:05, ,
26-12-2023 16:08,Product-Support,Incident,Dead Region Server Issues,NEON-dX@H3I: Hbase region server node4 down,01:22:44, ,
27-12-2023 12:27,Product-Support,Incident,CPU utilization,NEON-DX:H3I---Testbed: Disk space issue,02:55:26, ,
27-12-2023 15:15,Product-Support,Request,Configuration,NEON-DX:H3I-Testbed :  dxuser password reset,02:53:29, ,
28-12-2023 13:24,Engineering-Extension,Request,Reports,Neon DX H3I: Reporting issue?,22:10:57, ,
29-12-2023 13:23,SDO-APAC,Incident,Reports,NEON-DX:H3I: Report issue  | parquet file,Yet to be Closed, ,
29-12-2023 15:21,SDO-APAC,Request,List Upload,Neon DX H3I: Customer List Request Reset,92:49:42, ,
29-12-2023 16:06,Product-Support,Request,API Cache Refresh,NEON-DX:H3I:Post api container instance increase,01:12:18, ,
29-12-2023 16:14,Product-Support,Request,Disk Space Issue,NEON-DX:H3I(Testbed): Disk space issue,02:17:11, ,
30-12-2023 15:47,SDO-APAC,Incident,Reports,NEON-DX:H3I-NEON-DX:H3I: Report issue | parquet file,Yet to be Closed, ,
30-12-2023 17:59,SDO-APAC,Incident,Reports,NEON-dX@H3I || Huge Drop in Bima TP FF Success Count & Revenue,73:23:59, ,
02-01-2024 13:36,IT-Infra,Request,IT-Infra Others,Issue with Microsoft Meeting Request in Outlook Outbox,Yet to be Closed, ,
02-01-2024 13:38,SDO-APAC,Request,Data Job Related Others,Neon DX H3I: Invalid number deletion request,52:35:15, ,
02-01-2024 13:52,SDO-APAC,Request,Data Extract,NEON-dX@H3I || Persona Model Execution ||JAN'2024,148:53:22, ,
03-01-2024 16:34,SDO-APAC,Request,NEON User ID Creation,Neon DX H3I: Account Reset Password Request,19:50:03, ,
03-01-2024 17:01,Product-Support,Incident,Messaging Delay,NEON-dX@H3I: POST hits having high response time,115:06:37, ,
04-01-2024 09:04,SDO-APAC,Request,IM Exception,NeodDX @ H3I | Offer Rendering Issue,10:25:35, ,
04-01-2024 10:12,SDO-APAC,Request,IM Request,Neon Dx @ H3I | AUTH Key Creation Production Environment,01:32:46, ,
04-01-2024 13:40,Product-Support,Request,Configuration,NEON-DX:H3I(Testbed):REBUY customization | port change,01:23:48, ,
04-01-2024 13:51,TAC-Systems,Request,Configuration,NEON-DX:H3I: access to application_log_backup files,02:40:03, ,
04-01-2024 14:53,SDO-APAC,Request,List Upload,Neon DX H3I: Customer List Request Reset,04:18:44, ,
04-01-2024 15:00,SDO-APAC,Request,List Upload,Neon DX H3I: Customer lists upload request,06:20:41, ,
04-01-2024 17:15,Product-Support,Request,Configuration,NEON-DX:H3I(Testbed): New jar file replacement | Rebuy customization,16:54:16, ,
04-01-2024 18:06,SDO-APAC,Request,List Upload,Neon DX H3I: Customer lists upload request,04:15:50, ,
04-01-2024 18:35,TAC-Systems,Request,Data Extract,NEON-DX:H3I:Inactive base extraction,17:53:08, ,
04-01-2024 18:46,SDO-APAC,Request,KPI Related Requests,Neon DX H3I || Profile KPI Reset,18:33:46, ,
05-01-2024 10:59,Product-Support,Request,Disk Space Issue,NEON-dX@H3I: Diskspace issue,00:28:56, ,
05-01-2024 22:17,SDO-APAC,Problem,Reports,Neon DX H3I: BI JOB failed not getting output,90:52:49, ,
07-01-2024 17:44,SDO-APAC,Request,Messaging Issue,NEON-dX@H3I: POST hits having high response time,Yet to be Closed, ,
08-01-2024 09:30,SDO-APAC,Problem,Reports,Neon DX H3I: Hourly Report conversion count show 0 (zero) occasionally,Yet to be Closed, ,
08-01-2024 12:15,SDO-APAC,Request,List Upload,Neon DX H3I: Customer List Request Reset,06:35:11, ,
08-01-2024 14:22,Product-Support,Request,Messaging Issue,NEON-dX@H3I: Whitelisted IP's showing Authentication failed error,21:08:53, ,
08-01-2024 14:33,Product-Support,Problem,Reports,NEON-DX:H3I: Hourly report issue,Yet to be Closed, ,
08-01-2024 17:31,SDO-APAC,Incident,BC Generated Count Issue,Neon DX H3I: BC generated less on 6 and 7 Jan 2024,Yet to be Closed, ,
09-01-2024 09:44,TAC-Systems,Request,Configuration,NEON-dX@H3I: ssh nginx command not working in H3I production,00:29:59, ,
09-01-2024 10:01,Product-Support,Request,Disk Space Issue,NEON-dX@H3I(Test Bed): Diskspace issue,01:25:17, ,
09-01-2024 10:04,SDO-APAC,Request,IM Conversion Issue,Neon DX H3I: FF count drop on 8 Jan'24,Yet to be Closed, ,
09-01-2024 10:15,Product-Support,Request,Reports,Neon DX H3I: Difference in UI count and Hourly report count,Yet to be Closed, ,
09-01-2024 13:24,Service Desk,Request,Platform Monitoring,H3I[TESTBED] :: APM- Agent installation & testing in CVM,00:09:23, ,
09-01-2024 13:42,SDO-APAC,Request,Platform Monitoring,NEON-dX@H3I[TESTBED] :: APM- Agent installation,Yet to be Closed, ,
09-01-2024 15:03,SDO-APAC,Request,Data Extract,Neon DX H3I: Resend again Flytxt Table Blank,44:33:29, ,
10-01-2024 12:07,SDO-APAC,Request,Data Extract,Neon DX H3I: Jan 2024 UCG Model Run,Yet to be Closed, ,
10-01-2024 13:18,Product-Support,Request,Data Extract,Neon-DX-HUTCHISON 3 IND NOT GETTING OUTPUT OF BI JOB'S This is OLD Issue yet not fixed,Yet to be Closed,,
